﻿<?xml version="1.0" encoding="utf-8"?>
<TextureAtlas imagePath="Foob.png">
	<!-- Created with Adobe Animate version 21.0.7.42652 -->
	<!-- http://www.adobe.com/products/animate.html -->
	<SubTexture name="BF Dead Loop0000" x="2" y="2" width="492" height="532"/>
	<SubTexture name="BF Dead Loop0001" x="498" y="2" width="492" height="532"/>
	<SubTexture name="BF Dead Loop0002" x="498" y="2" width="492" height="532"/>
	<SubTexture name="BF Dead Loop0003" x="994" y="2" width="492" height="532"/>
	<SubTexture name="BF Dead Loop0004" x="994" y="2" width="492" height="532"/>
	<SubTexture name="BF Dead Loop0005" x="1490" y="2" width="492" height="532"/>
	<SubTexture name="BF Dead Loop0006" x="1490" y="2" width="492" height="532"/>
	<SubTexture name="BF Dead Loop0007" x="1986" y="2" width="492" height="532"/>
	<SubTexture name="BF Dead Loop0008" x="2482" y="2" width="492" height="532"/>
	<SubTexture name="BF Dead Loop0009" x="2482" y="2" width="492" height="532"/>
	<SubTexture name="BF Dead Loop0010" x="2482" y="2" width="492" height="532"/>
	<SubTexture name="BF Dead Loop0011" x="2482" y="2" width="492" height="532"/>
	<SubTexture name="BF Dead Loop0012" x="2482" y="2" width="492" height="532"/>
	<SubTexture name="BF Dead Loop0013" x="2482" y="2" width="492" height="532"/>
	<SubTexture name="BF Dead Loop0014" x="2482" y="2" width="492" height="532"/>
	<SubTexture name="BF Dead Loop0015" x="2482" y="2" width="492" height="532"/>
	<SubTexture name="BF Dead Loop0016" x="2482" y="2" width="492" height="532"/>
	<SubTexture name="BF Dead Loop0017" x="2" y="2" width="492" height="532"/>
	<SubTexture name="BF Dead Loop0018" x="498" y="2" width="492" height="532"/>
	<SubTexture name="BF Dead Loop0019" x="498" y="2" width="492" height="532"/>
	<SubTexture name="BF Dead Loop0020" x="994" y="2" width="492" height="532"/>
	<SubTexture name="BF Dead Loop0021" x="994" y="2" width="492" height="532"/>
	<SubTexture name="BF Dead Loop0022" x="1490" y="2" width="492" height="532"/>
	<SubTexture name="BF Dead Loop0023" x="1490" y="2" width="492" height="532"/>
	<SubTexture name="BF Dead Loop0024" x="2482" y="2" width="492" height="532"/>
	<SubTexture name="BF Dead Loop0025" x="2482" y="2" width="492" height="532"/>
	<SubTexture name="BF Dead Loop0026" x="2482" y="2" width="492" height="532"/>
	<SubTexture name="BF Dead Loop0027" x="2482" y="2" width="492" height="532"/>
	<SubTexture name="BF Dead Loop0028" x="2482" y="2" width="492" height="532"/>
	<SubTexture name="BF Dead Loop0029" x="2482" y="2" width="492" height="532"/>
	<SubTexture name="BF Dead Loop0030" x="1986" y="2" width="492" height="532"/>
	<SubTexture name="BF Dead Loop0031" x="2482" y="2" width="492" height="532"/>
	<SubTexture name="BF Dead Loop0032" x="2482" y="2" width="492" height="532"/>
	<SubTexture name="BF Dead Loop0033" x="2482" y="2" width="492" height="532"/>
	<SubTexture name="BF Dead confirm0000" x="2978" y="2" width="491" height="532" frameX="0" frameY="-1" frameWidth="491" frameHeight="533"/>
	<SubTexture name="BF Dead confirm0001" x="3473" y="2" width="491" height="532" frameX="0" frameY="-1" frameWidth="491" frameHeight="533"/>
	<SubTexture name="BF Dead confirm0002" x="3968" y="2" width="491" height="533"/>
	<SubTexture name="BF Dead confirm0003" x="4463" y="2" width="491" height="532" frameX="0" frameY="-1" frameWidth="491" frameHeight="533"/>
	<SubTexture name="BF Dead confirm0004" x="4958" y="2" width="491" height="532" frameX="0" frameY="-1" frameWidth="491" frameHeight="533"/>
	<SubTexture name="BF Dead confirm0005" x="5453" y="2" width="491" height="532" frameX="0" frameY="-1" frameWidth="491" frameHeight="533"/>
	<SubTexture name="BF Dead confirm0006" x="5948" y="2" width="491" height="532" frameX="0" frameY="-1" frameWidth="491" frameHeight="533"/>
	<SubTexture name="BF Dead confirm0007" x="6443" y="2" width="491" height="532" frameX="0" frameY="-1" frameWidth="491" frameHeight="533"/>
	<SubTexture name="BF Dead confirm0008" x="6938" y="2" width="491" height="532" frameX="0" frameY="-1" frameWidth="491" frameHeight="533"/>
	<SubTexture name="BF Dead confirm0009" x="7433" y="2" width="491" height="532" frameX="0" frameY="-1" frameWidth="491" frameHeight="533"/>
	<SubTexture name="BF Dead confirm0010" x="2" y="539" width="491" height="532" frameX="0" frameY="-1" frameWidth="491" frameHeight="533"/>
	<SubTexture name="BF Dead confirm0011" x="497" y="539" width="491" height="532" frameX="0" frameY="-1" frameWidth="491" frameHeight="533"/>
	<SubTexture name="BF Dead confirm0012" x="992" y="539" width="491" height="532" frameX="0" frameY="-1" frameWidth="491" frameHeight="533"/>
	<SubTexture name="BF Dead confirm0013" x="1487" y="539" width="491" height="532" frameX="0" frameY="-1" frameWidth="491" frameHeight="533"/>
	<SubTexture name="BF Dead confirm0014" x="1982" y="539" width="491" height="532" frameX="0" frameY="-1" frameWidth="491" frameHeight="533"/>
	<SubTexture name="BF Dead confirm0015" x="2477" y="539" width="491" height="532" frameX="0" frameY="-1" frameWidth="491" frameHeight="533"/>
	<SubTexture name="BF Dead confirm0016" x="2972" y="539" width="491" height="532" frameX="0" frameY="-1" frameWidth="491" frameHeight="533"/>
	<SubTexture name="BF Dead confirm0017" x="3467" y="539" width="491" height="532" frameX="0" frameY="-1" frameWidth="491" frameHeight="533"/>
	<SubTexture name="BF Dead confirm0018" x="3962" y="539" width="491" height="532" frameX="0" frameY="-1" frameWidth="491" frameHeight="533"/>
	<SubTexture name="BF Dead confirm0019" x="3962" y="539" width="491" height="532" frameX="0" frameY="-1" frameWidth="491" frameHeight="533"/>
	<SubTexture name="BF Dead confirm0020" x="4457" y="539" width="491" height="532" frameX="0" frameY="-1" frameWidth="491" frameHeight="533"/>
	<SubTexture name="BF Dead confirm0021" x="4457" y="539" width="491" height="532" frameX="0" frameY="-1" frameWidth="491" frameHeight="533"/>
	<SubTexture name="BF Dead confirm0022" x="4457" y="539" width="491" height="532" frameX="0" frameY="-1" frameWidth="491" frameHeight="533"/>
	<SubTexture name="BF Dead confirm0023" x="4952" y="539" width="491" height="532" frameX="0" frameY="-1" frameWidth="491" frameHeight="533"/>
	<SubTexture name="BF Dead confirm0024" x="4952" y="539" width="491" height="532" frameX="0" frameY="-1" frameWidth="491" frameHeight="533"/>
	<SubTexture name="BF Dead confirm0025" x="4952" y="539" width="491" height="532" frameX="0" frameY="-1" frameWidth="491" frameHeight="533"/>
	<SubTexture name="BF Dead confirm0026" x="4952" y="539" width="491" height="532" frameX="0" frameY="-1" frameWidth="491" frameHeight="533"/>
	<SubTexture name="BF Dead confirm0027" x="4952" y="539" width="491" height="532" frameX="0" frameY="-1" frameWidth="491" frameHeight="533"/>
	<SubTexture name="BF Dead confirm0028" x="4952" y="539" width="491" height="532" frameX="0" frameY="-1" frameWidth="491" frameHeight="533"/>
	<SubTexture name="BF Dead confirm0029" x="4952" y="539" width="491" height="532" frameX="0" frameY="-1" frameWidth="491" frameHeight="533"/>
	<SubTexture name="BF Dead confirm0030" x="4952" y="539" width="491" height="532" frameX="0" frameY="-1" frameWidth="491" frameHeight="533"/>
	<SubTexture name="BF Dead confirm0031" x="4952" y="539" width="491" height="532" frameX="0" frameY="-1" frameWidth="491" frameHeight="533"/>
	<SubTexture name="BF Dead confirm0032" x="4952" y="539" width="491" height="532" frameX="0" frameY="-1" frameWidth="491" frameHeight="533"/>
	<SubTexture name="BF Dead confirm0033" x="4952" y="539" width="491" height="532" frameX="0" frameY="-1" frameWidth="491" frameHeight="533"/>
	<SubTexture name="BF HEY!!0000" x="5447" y="539" width="491" height="517"/>
	<SubTexture name="BF HEY!!0001" x="5447" y="539" width="491" height="517"/>
	<SubTexture name="BF HEY!!0002" x="5942" y="539" width="491" height="517"/>
	<SubTexture name="BF HEY!!0003" x="5942" y="539" width="491" height="517"/>
	<SubTexture name="BF HEY!!0004" x="6437" y="539" width="491" height="517"/>
	<SubTexture name="BF HEY!!0005" x="6437" y="539" width="491" height="517"/>
	<SubTexture name="BF HEY!!0006" x="6437" y="539" width="491" height="517"/>
	<SubTexture name="BF HEY!!0007" x="6437" y="539" width="491" height="517"/>
	<SubTexture name="BF HEY!!0008" x="6437" y="539" width="491" height="517"/>
	<SubTexture name="BF HEY!!0009" x="6437" y="539" width="491" height="517"/>
	<SubTexture name="BF HEY!!0010" x="6437" y="539" width="491" height="517"/>
	<SubTexture name="BF HEY!!0011" x="6437" y="539" width="491" height="517"/>
	<SubTexture name="BF HEY!!0012" x="6437" y="539" width="491" height="517"/>
	<SubTexture name="BF HEY!!0013" x="6437" y="539" width="491" height="517"/>
	<SubTexture name="BF HEY!!0014" x="6437" y="539" width="491" height="517"/>
	<SubTexture name="BF HEY!!0015" x="6437" y="539" width="491" height="517"/>
	<SubTexture name="BF HEY!!0016" x="6437" y="539" width="491" height="517"/>
	<SubTexture name="BF HEY!!0017" x="6437" y="539" width="491" height="517"/>
	<SubTexture name="BF HEY!!0018" x="6437" y="539" width="491" height="517"/>
	<SubTexture name="BF HEY!!0019" x="6437" y="539" width="491" height="517"/>
	<SubTexture name="BF HEY!!0020" x="6437" y="539" width="491" height="517"/>
	<SubTexture name="BF HEY!!0021" x="6437" y="539" width="491" height="517"/>
	<SubTexture name="BF HEY!!0022" x="6437" y="539" width="491" height="517"/>
	<SubTexture name="BF HEY!!0023" x="6437" y="539" width="491" height="517"/>
	<SubTexture name="BF HEY!!0024" x="6437" y="539" width="491" height="517"/>
	<SubTexture name="BF HEY!!0025" x="6437" y="539" width="491" height="517"/>
	<SubTexture name="BF NOTE DOWN0000" x="6932" y="539" width="491" height="517"/>
	<SubTexture name="BF NOTE DOWN0001" x="6932" y="539" width="491" height="517"/>
	<SubTexture name="BF NOTE DOWN0002" x="7427" y="539" width="491" height="517"/>
	<SubTexture name="BF NOTE DOWN0003" x="7427" y="539" width="491" height="517"/>
	<SubTexture name="BF NOTE DOWN0004" x="2" y="1075" width="491" height="517"/>
	<SubTexture name="BF NOTE DOWN0005" x="2" y="1075" width="491" height="517"/>
	<SubTexture name="BF NOTE DOWN0006" x="2" y="1075" width="491" height="517"/>
	<SubTexture name="BF NOTE DOWN0007" x="2" y="1075" width="491" height="517"/>
	<SubTexture name="BF NOTE DOWN0008" x="2" y="1075" width="491" height="517"/>
	<SubTexture name="BF NOTE DOWN0009" x="2" y="1075" width="491" height="517"/>
	<SubTexture name="BF NOTE DOWN0010" x="2" y="1075" width="491" height="517"/>
	<SubTexture name="BF NOTE DOWN0011" x="2" y="1075" width="491" height="517"/>
	<SubTexture name="BF NOTE DOWN0012" x="2" y="1075" width="491" height="517"/>
	<SubTexture name="BF NOTE DOWN0013" x="2" y="1075" width="491" height="517"/>
	<SubTexture name="BF NOTE DOWN0014" x="2" y="1075" width="491" height="517"/>
	<SubTexture name="BF NOTE DOWN0015" x="2" y="1075" width="491" height="517"/>
	<SubTexture name="BF NOTE DOWN0016" x="2" y="1075" width="491" height="517"/>
	<SubTexture name="BF NOTE DOWN0017" x="2" y="1075" width="491" height="517"/>
	<SubTexture name="BF NOTE DOWN0018" x="2" y="1075" width="491" height="517"/>
	<SubTexture name="BF NOTE DOWN0019" x="2" y="1075" width="491" height="517"/>
	<SubTexture name="BF NOTE DOWN0020" x="2" y="1075" width="491" height="517"/>
	<SubTexture name="BF NOTE DOWN0021" x="2" y="1075" width="491" height="517"/>
	<SubTexture name="BF NOTE DOWN0022" x="2" y="1075" width="491" height="517"/>
	<SubTexture name="BF NOTE DOWN0023" x="2" y="1075" width="491" height="517"/>
	<SubTexture name="BF NOTE DOWN0024" x="2" y="1075" width="491" height="517"/>
	<SubTexture name="BF NOTE DOWN0025" x="2" y="1075" width="491" height="517"/>
	<SubTexture name="BF NOTE DOWN0026" x="2" y="1075" width="491" height="517"/>
	<SubTexture name="BF NOTE DOWN0027" x="2" y="1075" width="491" height="517"/>
	<SubTexture name="BF NOTE DOWN0028" x="2" y="1075" width="491" height="517"/>
	<SubTexture name="BF NOTE DOWN0029" x="2" y="1075" width="491" height="517"/>
	<SubTexture name="BF NOTE DOWN MISS0000" x="6932" y="539" width="491" height="517"/>
	<SubTexture name="BF NOTE DOWN MISS0001" x="497" y="1075" width="491" height="517"/>
	<SubTexture name="BF NOTE DOWN MISS0002" x="497" y="1075" width="491" height="517"/>
	<SubTexture name="BF NOTE DOWN MISS0003" x="497" y="1075" width="491" height="517"/>
	<SubTexture name="BF NOTE DOWN MISS0004" x="497" y="1075" width="491" height="517"/>
	<SubTexture name="BF NOTE DOWN MISS0005" x="497" y="1075" width="491" height="517"/>
	<SubTexture name="BF NOTE DOWN MISS0006" x="497" y="1075" width="491" height="517"/>
	<SubTexture name="BF NOTE DOWN MISS0007" x="497" y="1075" width="491" height="517"/>
	<SubTexture name="BF NOTE DOWN MISS0008" x="497" y="1075" width="491" height="517"/>
	<SubTexture name="BF NOTE DOWN MISS0009" x="497" y="1075" width="491" height="517"/>
	<SubTexture name="BF NOTE DOWN MISS0010" x="497" y="1075" width="491" height="517"/>
	<SubTexture name="BF NOTE DOWN MISS0011" x="497" y="1075" width="491" height="517"/>
	<SubTexture name="BF NOTE DOWN MISS0012" x="497" y="1075" width="491" height="517"/>
	<SubTexture name="BF NOTE DOWN MISS0013" x="497" y="1075" width="491" height="517"/>
	<SubTexture name="BF NOTE DOWN MISS0014" x="497" y="1075" width="491" height="517"/>
	<SubTexture name="BF NOTE DOWN MISS0015" x="497" y="1075" width="491" height="517"/>
	<SubTexture name="BF NOTE DOWN MISS0016" x="497" y="1075" width="491" height="517"/>
	<SubTexture name="BF NOTE DOWN MISS0017" x="497" y="1075" width="491" height="517"/>
	<SubTexture name="BF NOTE DOWN MISS0018" x="497" y="1075" width="491" height="517"/>
	<SubTexture name="BF NOTE DOWN MISS0019" x="497" y="1075" width="491" height="517"/>
	<SubTexture name="BF NOTE DOWN MISS0020" x="497" y="1075" width="491" height="517"/>
	<SubTexture name="BF NOTE DOWN MISS0021" x="497" y="1075" width="491" height="517"/>
	<SubTexture name="BF NOTE DOWN MISS0022" x="497" y="1075" width="491" height="517"/>
	<SubTexture name="BF NOTE DOWN MISS0023" x="497" y="1075" width="491" height="517"/>
	<SubTexture name="BF NOTE DOWN MISS0024" x="497" y="1075" width="491" height="517"/>
	<SubTexture name="BF NOTE DOWN MISS0025" x="497" y="1075" width="491" height="517"/>
	<SubTexture name="BF NOTE DOWN MISS0026" x="497" y="1075" width="491" height="517"/>
	<SubTexture name="BF NOTE DOWN MISS0027" x="497" y="1075" width="491" height="517"/>
	<SubTexture name="BF NOTE DOWN MISS0028" x="497" y="1075" width="491" height="517"/>
	<SubTexture name="BF NOTE LEFT0000" x="992" y="1075" width="491" height="517"/>
	<SubTexture name="BF NOTE LEFT0001" x="992" y="1075" width="491" height="517"/>
	<SubTexture name="BF NOTE LEFT0002" x="1487" y="1075" width="491" height="517"/>
	<SubTexture name="BF NOTE LEFT0003" x="1487" y="1075" width="491" height="517"/>
	<SubTexture name="BF NOTE LEFT0004" x="1982" y="1075" width="491" height="517"/>
	<SubTexture name="BF NOTE LEFT0005" x="1982" y="1075" width="491" height="517"/>
	<SubTexture name="BF NOTE LEFT0006" x="1982" y="1075" width="491" height="517"/>
	<SubTexture name="BF NOTE LEFT0007" x="1982" y="1075" width="491" height="517"/>
	<SubTexture name="BF NOTE LEFT0008" x="1982" y="1075" width="491" height="517"/>
	<SubTexture name="BF NOTE LEFT0009" x="1982" y="1075" width="491" height="517"/>
	<SubTexture name="BF NOTE LEFT0010" x="1982" y="1075" width="491" height="517"/>
	<SubTexture name="BF NOTE LEFT0011" x="1982" y="1075" width="491" height="517"/>
	<SubTexture name="BF NOTE LEFT0012" x="1982" y="1075" width="491" height="517"/>
	<SubTexture name="BF NOTE LEFT0013" x="1982" y="1075" width="491" height="517"/>
	<SubTexture name="BF NOTE LEFT0014" x="1982" y="1075" width="491" height="517"/>
	<SubTexture name="BF NOTE LEFT MISS0000" x="992" y="1075" width="491" height="517"/>
	<SubTexture name="BF NOTE LEFT MISS0001" x="2477" y="1075" width="491" height="517"/>
	<SubTexture name="BF NOTE LEFT MISS0002" x="2477" y="1075" width="491" height="517"/>
	<SubTexture name="BF NOTE LEFT MISS0003" x="2477" y="1075" width="491" height="517"/>
	<SubTexture name="BF NOTE LEFT MISS0004" x="2477" y="1075" width="491" height="517"/>
	<SubTexture name="BF NOTE LEFT MISS0005" x="2477" y="1075" width="491" height="517"/>
	<SubTexture name="BF NOTE LEFT MISS0006" x="2477" y="1075" width="491" height="517"/>
	<SubTexture name="BF NOTE LEFT MISS0007" x="2477" y="1075" width="491" height="517"/>
	<SubTexture name="BF NOTE LEFT MISS0008" x="2477" y="1075" width="491" height="517"/>
	<SubTexture name="BF NOTE LEFT MISS0009" x="2477" y="1075" width="491" height="517"/>
	<SubTexture name="BF NOTE LEFT MISS0010" x="2477" y="1075" width="491" height="517"/>
	<SubTexture name="BF NOTE LEFT MISS0011" x="2477" y="1075" width="491" height="517"/>
	<SubTexture name="BF NOTE LEFT MISS0012" x="2477" y="1075" width="491" height="517"/>
	<SubTexture name="BF NOTE LEFT MISS0013" x="2477" y="1075" width="491" height="517"/>
	<SubTexture name="BF NOTE LEFT MISS0014" x="2477" y="1075" width="491" height="517"/>
	<SubTexture name="BF NOTE LEFT MISS0015" x="2477" y="1075" width="491" height="517"/>
	<SubTexture name="BF NOTE LEFT MISS0016" x="2477" y="1075" width="491" height="517"/>
	<SubTexture name="BF NOTE LEFT MISS0017" x="2477" y="1075" width="491" height="517"/>
	<SubTexture name="BF NOTE LEFT MISS0018" x="2477" y="1075" width="491" height="517"/>
	<SubTexture name="BF NOTE LEFT MISS0019" x="2477" y="1075" width="491" height="517"/>
	<SubTexture name="BF NOTE LEFT MISS0020" x="2477" y="1075" width="491" height="517"/>
	<SubTexture name="BF NOTE LEFT MISS0021" x="2477" y="1075" width="491" height="517"/>
	<SubTexture name="BF NOTE LEFT MISS0022" x="2477" y="1075" width="491" height="517"/>
	<SubTexture name="BF NOTE LEFT MISS0023" x="2477" y="1075" width="491" height="517"/>
	<SubTexture name="BF NOTE LEFT MISS0024" x="2477" y="1075" width="491" height="517"/>
	<SubTexture name="BF NOTE LEFT MISS0025" x="2477" y="1075" width="491" height="517"/>
	<SubTexture name="BF NOTE LEFT MISS0026" x="2477" y="1075" width="491" height="517"/>
	<SubTexture name="BF NOTE LEFT MISS0027" x="2477" y="1075" width="491" height="517"/>
	<SubTexture name="BF NOTE LEFT MISS0028" x="2477" y="1075" width="491" height="517"/>
	<SubTexture name="BF NOTE LEFT MISS0029" x="2477" y="1075" width="491" height="517"/>
	<SubTexture name="BF NOTE LEFT MISS0030" x="2477" y="1075" width="491" height="517"/>
	<SubTexture name="BF NOTE LEFT MISS0031" x="2477" y="1075" width="491" height="517"/>
	<SubTexture name="BF NOTE LEFT MISS0032" x="2477" y="1075" width="491" height="517"/>
	<SubTexture name="BF NOTE LEFT MISS0033" x="2477" y="1075" width="491" height="517"/>
	<SubTexture name="BF NOTE RIGHT0000" x="2972" y="1075" width="491" height="517"/>
	<SubTexture name="BF NOTE RIGHT0001" x="2972" y="1075" width="491" height="517"/>
	<SubTexture name="BF NOTE RIGHT0002" x="3467" y="1075" width="491" height="517"/>
	<SubTexture name="BF NOTE RIGHT0003" x="3467" y="1075" width="491" height="517"/>
	<SubTexture name="BF NOTE RIGHT0004" x="3962" y="1075" width="491" height="517"/>
	<SubTexture name="BF NOTE RIGHT0005" x="3962" y="1075" width="491" height="517"/>
	<SubTexture name="BF NOTE RIGHT0006" x="3962" y="1075" width="491" height="517"/>
	<SubTexture name="BF NOTE RIGHT0007" x="3962" y="1075" width="491" height="517"/>
	<SubTexture name="BF NOTE RIGHT0008" x="3962" y="1075" width="491" height="517"/>
	<SubTexture name="BF NOTE RIGHT0009" x="3962" y="1075" width="491" height="517"/>
	<SubTexture name="BF NOTE RIGHT0010" x="3962" y="1075" width="491" height="517"/>
	<SubTexture name="BF NOTE RIGHT0011" x="3962" y="1075" width="491" height="517"/>
	<SubTexture name="BF NOTE RIGHT0012" x="3962" y="1075" width="491" height="517"/>
	<SubTexture name="BF NOTE RIGHT0013" x="3962" y="1075" width="491" height="517"/>
	<SubTexture name="BF NOTE RIGHT0014" x="3962" y="1075" width="491" height="517"/>
	<SubTexture name="BF NOTE RIGHT0015" x="3962" y="1075" width="491" height="517"/>
	<SubTexture name="BF NOTE RIGHT0016" x="3962" y="1075" width="491" height="517"/>
	<SubTexture name="BF NOTE RIGHT0017" x="3962" y="1075" width="491" height="517"/>
	<SubTexture name="BF NOTE RIGHT0018" x="3962" y="1075" width="491" height="517"/>
	<SubTexture name="BF NOTE RIGHT0019" x="3962" y="1075" width="491" height="517"/>
	<SubTexture name="BF NOTE RIGHT0020" x="3962" y="1075" width="491" height="517"/>
	<SubTexture name="BF NOTE RIGHT0021" x="3962" y="1075" width="491" height="517"/>
	<SubTexture name="BF NOTE RIGHT0022" x="3962" y="1075" width="491" height="517"/>
	<SubTexture name="BF NOTE RIGHT0023" x="3962" y="1075" width="491" height="517"/>
	<SubTexture name="BF NOTE RIGHT0024" x="3962" y="1075" width="491" height="517"/>
	<SubTexture name="BF NOTE RIGHT0025" x="3962" y="1075" width="491" height="517"/>
	<SubTexture name="BF NOTE RIGHT0026" x="3962" y="1075" width="491" height="517"/>
	<SubTexture name="BF NOTE RIGHT0027" x="3962" y="1075" width="491" height="517"/>
	<SubTexture name="BF NOTE RIGHT0028" x="3962" y="1075" width="491" height="517"/>
	<SubTexture name="BF NOTE RIGHT0029" x="3962" y="1075" width="491" height="517"/>
	<SubTexture name="BF NOTE RIGHT0030" x="3962" y="1075" width="491" height="517"/>
	<SubTexture name="BF NOTE RIGHT0031" x="3962" y="1075" width="491" height="517"/>
	<SubTexture name="BF NOTE RIGHT0032" x="3962" y="1075" width="491" height="517"/>
	<SubTexture name="BF NOTE RIGHT0033" x="3962" y="1075" width="491" height="517"/>
	<SubTexture name="BF NOTE RIGHT0034" x="3962" y="1075" width="491" height="517"/>
	<SubTexture name="BF NOTE RIGHT0035" x="3962" y="1075" width="491" height="517"/>
	<SubTexture name="BF NOTE RIGHT0036" x="3962" y="1075" width="491" height="517"/>
	<SubTexture name="BF NOTE RIGHT0037" x="3962" y="1075" width="491" height="517"/>
	<SubTexture name="BF NOTE RIGHT0038" x="3962" y="1075" width="491" height="517"/>
	<SubTexture name="BF NOTE RIGHT0039" x="3962" y="1075" width="491" height="517"/>
	<SubTexture name="BF NOTE RIGHT0040" x="3962" y="1075" width="491" height="517"/>
	<SubTexture name="BF NOTE RIGHT0041" x="3962" y="1075" width="491" height="517"/>
	<SubTexture name="BF NOTE RIGHT0042" x="3962" y="1075" width="491" height="517"/>
	<SubTexture name="BF NOTE RIGHT0043" x="3962" y="1075" width="491" height="517"/>
	<SubTexture name="BF NOTE RIGHT0044" x="3962" y="1075" width="491" height="517"/>
	<SubTexture name="BF NOTE RIGHT0045" x="3962" y="1075" width="491" height="517"/>
	<SubTexture name="BF NOTE RIGHT0046" x="3962" y="1075" width="491" height="517"/>
	<SubTexture name="BF NOTE RIGHT0047" x="3962" y="1075" width="491" height="517"/>
	<SubTexture name="BF NOTE RIGHT0048" x="3962" y="1075" width="491" height="517"/>
	<SubTexture name="BF NOTE RIGHT0049" x="3962" y="1075" width="491" height="517"/>
	<SubTexture name="BF NOTE RIGHT0050" x="3962" y="1075" width="491" height="517"/>
	<SubTexture name="BF NOTE RIGHT0051" x="3962" y="1075" width="491" height="517"/>
	<SubTexture name="BF NOTE RIGHT0052" x="3962" y="1075" width="491" height="517"/>
	<SubTexture name="BF NOTE RIGHT0053" x="3962" y="1075" width="491" height="517"/>
	<SubTexture name="BF NOTE RIGHT0054" x="3962" y="1075" width="491" height="517"/>
	<SubTexture name="BF NOTE RIGHT0055" x="3962" y="1075" width="491" height="517"/>
	<SubTexture name="BF NOTE RIGHT0056" x="3962" y="1075" width="491" height="517"/>
	<SubTexture name="BF NOTE RIGHT0057" x="3962" y="1075" width="491" height="517"/>
	<SubTexture name="BF NOTE RIGHT0058" x="3962" y="1075" width="491" height="517"/>
	<SubTexture name="BF NOTE RIGHT0059" x="3962" y="1075" width="491" height="517"/>
	<SubTexture name="BF NOTE RIGHT0060" x="3962" y="1075" width="491" height="517"/>
	<SubTexture name="BF NOTE RIGHT0061" x="3962" y="1075" width="491" height="517"/>
	<SubTexture name="BF NOTE RIGHT MISS0000" x="2972" y="1075" width="491" height="517"/>
	<SubTexture name="BF NOTE RIGHT MISS0001" x="4457" y="1075" width="491" height="517"/>
	<SubTexture name="BF NOTE RIGHT MISS0002" x="4457" y="1075" width="491" height="517"/>
	<SubTexture name="BF NOTE RIGHT MISS0003" x="4457" y="1075" width="491" height="517"/>
	<SubTexture name="BF NOTE RIGHT MISS0004" x="4457" y="1075" width="491" height="517"/>
	<SubTexture name="BF NOTE RIGHT MISS0005" x="4457" y="1075" width="491" height="517"/>
	<SubTexture name="BF NOTE RIGHT MISS0006" x="4457" y="1075" width="491" height="517"/>
	<SubTexture name="BF NOTE RIGHT MISS0007" x="4457" y="1075" width="491" height="517"/>
	<SubTexture name="BF NOTE RIGHT MISS0008" x="4457" y="1075" width="491" height="517"/>
	<SubTexture name="BF NOTE RIGHT MISS0009" x="4457" y="1075" width="491" height="517"/>
	<SubTexture name="BF NOTE RIGHT MISS0010" x="4457" y="1075" width="491" height="517"/>
	<SubTexture name="BF NOTE RIGHT MISS0011" x="4457" y="1075" width="491" height="517"/>
	<SubTexture name="BF NOTE RIGHT MISS0012" x="4457" y="1075" width="491" height="517"/>
	<SubTexture name="BF NOTE RIGHT MISS0013" x="4457" y="1075" width="491" height="517"/>
	<SubTexture name="BF NOTE RIGHT MISS0014" x="4457" y="1075" width="491" height="517"/>
	<SubTexture name="BF NOTE RIGHT MISS0015" x="4457" y="1075" width="491" height="517"/>
	<SubTexture name="BF NOTE RIGHT MISS0016" x="4457" y="1075" width="491" height="517"/>
	<SubTexture name="BF NOTE RIGHT MISS0017" x="4457" y="1075" width="491" height="517"/>
	<SubTexture name="BF NOTE RIGHT MISS0018" x="4457" y="1075" width="491" height="517"/>
	<SubTexture name="BF NOTE RIGHT MISS0019" x="4457" y="1075" width="491" height="517"/>
	<SubTexture name="BF NOTE RIGHT MISS0020" x="4457" y="1075" width="491" height="517"/>
	<SubTexture name="BF NOTE RIGHT MISS0021" x="4457" y="1075" width="491" height="517"/>
	<SubTexture name="BF NOTE RIGHT MISS0022" x="4457" y="1075" width="491" height="517"/>
	<SubTexture name="BF NOTE RIGHT MISS0023" x="4457" y="1075" width="491" height="517"/>
	<SubTexture name="BF NOTE RIGHT MISS0024" x="4457" y="1075" width="491" height="517"/>
	<SubTexture name="BF NOTE RIGHT MISS0025" x="4457" y="1075" width="491" height="517"/>
	<SubTexture name="BF NOTE RIGHT MISS0026" x="4457" y="1075" width="491" height="517"/>
	<SubTexture name="BF NOTE RIGHT MISS0027" x="4457" y="1075" width="491" height="517"/>
	<SubTexture name="BF NOTE RIGHT MISS0028" x="4457" y="1075" width="491" height="517"/>
	<SubTexture name="BF NOTE RIGHT MISS0029" x="4457" y="1075" width="491" height="517"/>
	<SubTexture name="BF NOTE RIGHT MISS0030" x="4457" y="1075" width="491" height="517"/>
	<SubTexture name="BF NOTE RIGHT MISS0031" x="4457" y="1075" width="491" height="517"/>
	<SubTexture name="BF NOTE RIGHT MISS0032" x="4457" y="1075" width="491" height="517"/>
	<SubTexture name="BF NOTE RIGHT MISS0033" x="4457" y="1075" width="491" height="517"/>
	<SubTexture name="BF NOTE RIGHT MISS0034" x="4457" y="1075" width="491" height="517"/>
	<SubTexture name="BF NOTE RIGHT MISS0035" x="4457" y="1075" width="491" height="517"/>
	<SubTexture name="BF NOTE RIGHT MISS0036" x="4457" y="1075" width="491" height="517"/>
	<SubTexture name="BF NOTE RIGHT MISS0037" x="4457" y="1075" width="491" height="517"/>
	<SubTexture name="BF NOTE RIGHT MISS0038" x="4457" y="1075" width="491" height="517"/>
	<SubTexture name="BF NOTE RIGHT MISS0039" x="4457" y="1075" width="491" height="517"/>
	<SubTexture name="BF NOTE RIGHT MISS0040" x="4457" y="1075" width="491" height="517"/>
	<SubTexture name="BF NOTE RIGHT MISS0041" x="4457" y="1075" width="491" height="517"/>
	<SubTexture name="BF NOTE RIGHT MISS0042" x="4457" y="1075" width="491" height="517"/>
	<SubTexture name="BF NOTE RIGHT MISS0043" x="4457" y="1075" width="491" height="517"/>
	<SubTexture name="BF NOTE RIGHT MISS0044" x="4457" y="1075" width="491" height="517"/>
	<SubTexture name="BF NOTE RIGHT MISS0045" x="4457" y="1075" width="491" height="517"/>
	<SubTexture name="BF NOTE UP0000" x="4952" y="1075" width="491" height="517"/>
	<SubTexture name="BF NOTE UP0001" x="4952" y="1075" width="491" height="517"/>
	<SubTexture name="BF NOTE UP0002" x="5447" y="1075" width="491" height="517"/>
	<SubTexture name="BF NOTE UP0003" x="5447" y="1075" width="491" height="517"/>
	<SubTexture name="BF NOTE UP0004" x="5942" y="1075" width="491" height="517"/>
	<SubTexture name="BF NOTE UP0005" x="5942" y="1075" width="491" height="517"/>
	<SubTexture name="BF NOTE UP0006" x="5942" y="1075" width="491" height="517"/>
	<SubTexture name="BF NOTE UP0007" x="5942" y="1075" width="491" height="517"/>
	<SubTexture name="BF NOTE UP0008" x="5942" y="1075" width="491" height="517"/>
	<SubTexture name="BF NOTE UP0009" x="5942" y="1075" width="491" height="517"/>
	<SubTexture name="BF NOTE UP0010" x="5942" y="1075" width="491" height="517"/>
	<SubTexture name="BF NOTE UP0011" x="5942" y="1075" width="491" height="517"/>
	<SubTexture name="BF NOTE UP0012" x="5942" y="1075" width="491" height="517"/>
	<SubTexture name="BF NOTE UP0013" x="5942" y="1075" width="491" height="517"/>
	<SubTexture name="BF NOTE UP0014" x="5942" y="1075" width="491" height="517"/>
	<SubTexture name="BF NOTE UP MISS0000" x="4952" y="1075" width="491" height="517"/>
	<SubTexture name="BF NOTE UP MISS0001" x="6437" y="1075" width="491" height="517"/>
	<SubTexture name="BF NOTE UP MISS0002" x="6437" y="1075" width="491" height="517"/>
	<SubTexture name="BF NOTE UP MISS0003" x="6437" y="1075" width="491" height="517"/>
	<SubTexture name="BF NOTE UP MISS0004" x="6437" y="1075" width="491" height="517"/>
	<SubTexture name="BF NOTE UP MISS0005" x="6437" y="1075" width="491" height="517"/>
	<SubTexture name="BF NOTE UP MISS0006" x="6437" y="1075" width="491" height="517"/>
	<SubTexture name="BF NOTE UP MISS0007" x="6437" y="1075" width="491" height="517"/>
	<SubTexture name="BF NOTE UP MISS0008" x="6437" y="1075" width="491" height="517"/>
	<SubTexture name="BF NOTE UP MISS0009" x="6437" y="1075" width="491" height="517"/>
	<SubTexture name="BF NOTE UP MISS0010" x="6437" y="1075" width="491" height="517"/>
	<SubTexture name="BF NOTE UP MISS0011" x="6437" y="1075" width="491" height="517"/>
	<SubTexture name="BF NOTE UP MISS0012" x="6437" y="1075" width="491" height="517"/>
	<SubTexture name="BF NOTE UP MISS0013" x="6437" y="1075" width="491" height="517"/>
	<SubTexture name="BF NOTE UP MISS0014" x="6437" y="1075" width="491" height="517"/>
	<SubTexture name="BF NOTE UP MISS0015" x="6437" y="1075" width="491" height="517"/>
	<SubTexture name="BF NOTE UP MISS0016" x="6437" y="1075" width="491" height="517"/>
	<SubTexture name="BF NOTE UP MISS0017" x="6437" y="1075" width="491" height="517"/>
	<SubTexture name="BF NOTE UP MISS0018" x="6437" y="1075" width="491" height="517"/>
	<SubTexture name="BF NOTE UP MISS0019" x="6437" y="1075" width="491" height="517"/>
	<SubTexture name="BF NOTE UP MISS0020" x="6437" y="1075" width="491" height="517"/>
	<SubTexture name="BF NOTE UP MISS0021" x="6437" y="1075" width="491" height="517"/>
	<SubTexture name="BF NOTE UP MISS0022" x="6437" y="1075" width="491" height="517"/>
	<SubTexture name="BF NOTE UP MISS0023" x="6437" y="1075" width="491" height="517"/>
	<SubTexture name="BF dies0000" x="6932" y="1075" width="502" height="527" frameX="0" frameY="0" frameWidth="502" frameHeight="542"/>
	<SubTexture name="BF dies0001" x="7438" y="1075" width="502" height="527" frameX="0" frameY="0" frameWidth="502" frameHeight="542"/>
	<SubTexture name="BF dies0002" x="2" y="1606" width="491" height="518" frameX="-7" frameY="-8" frameWidth="502" frameHeight="542"/>
	<SubTexture name="BF dies0003" x="497" y="1606" width="491" height="518" frameX="-7" frameY="-8" frameWidth="502" frameHeight="542"/>
	<SubTexture name="BF dies0004" x="497" y="1606" width="491" height="518" frameX="-7" frameY="-8" frameWidth="502" frameHeight="542"/>
	<SubTexture name="BF dies0005" x="992" y="1606" width="491" height="518" frameX="-7" frameY="-8" frameWidth="502" frameHeight="542"/>
	<SubTexture name="BF dies0006" x="1487" y="1606" width="491" height="518" frameX="-7" frameY="-8" frameWidth="502" frameHeight="542"/>
	<SubTexture name="BF dies0007" x="1487" y="1606" width="491" height="518" frameX="-7" frameY="-8" frameWidth="502" frameHeight="542"/>
	<SubTexture name="BF dies0008" x="1487" y="1606" width="491" height="518" frameX="-7" frameY="-8" frameWidth="502" frameHeight="542"/>
	<SubTexture name="BF dies0009" x="1487" y="1606" width="491" height="518" frameX="-7" frameY="-8" frameWidth="502" frameHeight="542"/>
	<SubTexture name="BF dies0010" x="1487" y="1606" width="491" height="518" frameX="-7" frameY="-8" frameWidth="502" frameHeight="542"/>
	<SubTexture name="BF dies0011" x="1487" y="1606" width="491" height="518" frameX="-7" frameY="-8" frameWidth="502" frameHeight="542"/>
	<SubTexture name="BF dies0012" x="1487" y="1606" width="491" height="518" frameX="-7" frameY="-8" frameWidth="502" frameHeight="542"/>
	<SubTexture name="BF dies0013" x="1487" y="1606" width="491" height="518" frameX="-7" frameY="-8" frameWidth="502" frameHeight="542"/>
	<SubTexture name="BF dies0014" x="1487" y="1606" width="491" height="518" frameX="-7" frameY="-8" frameWidth="502" frameHeight="542"/>
	<SubTexture name="BF dies0015" x="1487" y="1606" width="491" height="518" frameX="-7" frameY="-9" frameWidth="502" frameHeight="542"/>
	<SubTexture name="BF dies0016" x="1487" y="1606" width="491" height="518" frameX="-7" frameY="-9" frameWidth="502" frameHeight="542"/>
	<SubTexture name="BF dies0017" x="1487" y="1606" width="491" height="518" frameX="-7" frameY="-9" frameWidth="502" frameHeight="542"/>
	<SubTexture name="BF dies0018" x="1982" y="1606" width="491" height="517" frameX="-7" frameY="-9" frameWidth="502" frameHeight="542"/>
	<SubTexture name="BF dies0019" x="1982" y="1606" width="491" height="517" frameX="-7" frameY="-9" frameWidth="502" frameHeight="542"/>
	<SubTexture name="BF dies0020" x="2477" y="1606" width="491" height="517" frameX="-7" frameY="-9" frameWidth="502" frameHeight="542"/>
	<SubTexture name="BF dies0021" x="2477" y="1606" width="491" height="517" frameX="-7" frameY="-9" frameWidth="502" frameHeight="542"/>
	<SubTexture name="BF dies0022" x="2972" y="1606" width="491" height="517" frameX="-7" frameY="-9" frameWidth="502" frameHeight="542"/>
	<SubTexture name="BF dies0023" x="2972" y="1606" width="491" height="517" frameX="-7" frameY="-9" frameWidth="502" frameHeight="542"/>
	<SubTexture name="BF dies0024" x="3467" y="1606" width="491" height="517" frameX="-7" frameY="-9" frameWidth="502" frameHeight="542"/>
	<SubTexture name="BF dies0025" x="3962" y="1606" width="491" height="532" frameX="-7" frameY="-9" frameWidth="502" frameHeight="542"/>
	<SubTexture name="BF dies0026" x="3962" y="1606" width="491" height="532" frameX="-7" frameY="-9" frameWidth="502" frameHeight="542"/>
	<SubTexture name="BF dies0027" x="4457" y="1606" width="491" height="532" frameX="-7" frameY="-9" frameWidth="502" frameHeight="542"/>
	<SubTexture name="BF dies0028" x="4457" y="1606" width="491" height="532" frameX="-7" frameY="-9" frameWidth="502" frameHeight="542"/>
	<SubTexture name="BF dies0029" x="4952" y="1606" width="491" height="531" frameX="-7" frameY="-9" frameWidth="502" frameHeight="542"/>
	<SubTexture name="BF dies0030" x="4952" y="1606" width="491" height="531" frameX="-7" frameY="-9" frameWidth="502" frameHeight="542"/>
	<SubTexture name="BF dies0031" x="5447" y="1606" width="491" height="533" frameX="-7" frameY="-9" frameWidth="502" frameHeight="542"/>
	<SubTexture name="BF dies0032" x="5447" y="1606" width="491" height="533" frameX="-7" frameY="-9" frameWidth="502" frameHeight="542"/>
	<SubTexture name="BF dies0033" x="5447" y="1606" width="491" height="533" frameX="-7" frameY="-9" frameWidth="502" frameHeight="542"/>
	<SubTexture name="BF dies0034" x="5447" y="1606" width="491" height="533" frameX="-7" frameY="-9" frameWidth="502" frameHeight="542"/>
	<SubTexture name="BF dies0035" x="5447" y="1606" width="491" height="533" frameX="-7" frameY="-9" frameWidth="502" frameHeight="542"/>
	<SubTexture name="BF dies0036" x="5447" y="1606" width="491" height="533" frameX="-7" frameY="-9" frameWidth="502" frameHeight="542"/>
	<SubTexture name="BF dies0037" x="5447" y="1606" width="491" height="533" frameX="-7" frameY="-9" frameWidth="502" frameHeight="542"/>
	<SubTexture name="BF dies0038" x="5447" y="1606" width="491" height="533" frameX="-7" frameY="-9" frameWidth="502" frameHeight="542"/>
	<SubTexture name="BF dies0039" x="5447" y="1606" width="491" height="533" frameX="-7" frameY="-9" frameWidth="502" frameHeight="542"/>
	<SubTexture name="BF dies0040" x="5447" y="1606" width="491" height="533" frameX="-7" frameY="-9" frameWidth="502" frameHeight="542"/>
	<SubTexture name="BF dies0041" x="5447" y="1606" width="491" height="533" frameX="-7" frameY="-9" frameWidth="502" frameHeight="542"/>
	<SubTexture name="BF dies0042" x="5447" y="1606" width="491" height="533" frameX="-7" frameY="-9" frameWidth="502" frameHeight="542"/>
	<SubTexture name="BF dies0043" x="5447" y="1606" width="491" height="533" frameX="-7" frameY="-9" frameWidth="502" frameHeight="542"/>
	<SubTexture name="BF dies0044" x="5447" y="1606" width="491" height="533" frameX="-7" frameY="-9" frameWidth="502" frameHeight="542"/>
	<SubTexture name="BF dies0045" x="5942" y="1606" width="491" height="533" frameX="-7" frameY="-9" frameWidth="502" frameHeight="542"/>
	<SubTexture name="BF dies0046" x="6437" y="1606" width="491" height="533" frameX="-7" frameY="-9" frameWidth="502" frameHeight="542"/>
	<SubTexture name="BF dies0047" x="6932" y="1606" width="491" height="533" frameX="-7" frameY="-9" frameWidth="502" frameHeight="542"/>
	<SubTexture name="BF dies0048" x="7427" y="1606" width="491" height="533" frameX="-7" frameY="-9" frameWidth="502" frameHeight="542"/>
	<SubTexture name="BF dies0049" x="2" y="2143" width="491" height="533" frameX="-7" frameY="-9" frameWidth="502" frameHeight="542"/>
	<SubTexture name="BF dies0050" x="497" y="2143" width="491" height="533" frameX="-7" frameY="-9" frameWidth="502" frameHeight="542"/>
	<SubTexture name="BF dies0051" x="992" y="2143" width="491" height="533" frameX="-7" frameY="-9" frameWidth="502" frameHeight="542"/>
	<SubTexture name="BF dies0052" x="1487" y="2143" width="491" height="533" frameX="-7" frameY="-9" frameWidth="502" frameHeight="542"/>
	<SubTexture name="BF dies0053" x="1982" y="2143" width="491" height="533" frameX="-7" frameY="-9" frameWidth="502" frameHeight="542"/>
	<SubTexture name="BF dies0054" x="2477" y="2143" width="491" height="533" frameX="-7" frameY="-9" frameWidth="502" frameHeight="542"/>
	<SubTexture name="BF dies0055" x="2972" y="2143" width="491" height="533" frameX="-7" frameY="-9" frameWidth="502" frameHeight="542"/>
	<SubTexture name="BF dies0056" x="2972" y="2143" width="491" height="533" frameX="-7" frameY="-9" frameWidth="502" frameHeight="542"/>
	<SubTexture name="BF dies0057" x="2972" y="2143" width="491" height="533" frameX="-7" frameY="-9" frameWidth="502" frameHeight="542"/>
	<SubTexture name="BF hit0000" x="3467" y="2143" width="395" height="448" frameX="-3" frameY="-21" frameWidth="433" frameHeight="469"/>
	<SubTexture name="BF hit0001" x="3866" y="2143" width="398" height="469" frameX="-3" frameY="0" frameWidth="433" frameHeight="469"/>
	<SubTexture name="BF hit0002" x="4268" y="2143" width="429" height="411" frameX="-1" frameY="-50" frameWidth="433" frameHeight="469"/>
	<SubTexture name="BF hit0003" x="4701" y="2143" width="429" height="411" frameX="-1" frameY="-50" frameWidth="433" frameHeight="469"/>
	<SubTexture name="BF hit0004" x="5134" y="2143" width="433" height="409" frameX="0" frameY="-52" frameWidth="433" frameHeight="469"/>
	<SubTexture name="BF hit0005" x="5571" y="2143" width="433" height="409" frameX="0" frameY="-52" frameWidth="433" frameHeight="469"/>
	<SubTexture name="BF hit0006" x="6008" y="2143" width="424" height="411" frameX="0" frameY="-50" frameWidth="433" frameHeight="469"/>
	<SubTexture name="BF hit0007" x="6436" y="2143" width="424" height="411" frameX="0" frameY="-50" frameWidth="433" frameHeight="469"/>
	<SubTexture name="BF hit0008" x="6008" y="2143" width="424" height="411" frameX="0" frameY="-50" frameWidth="433" frameHeight="469"/>
	<SubTexture name="BF hit0009" x="6436" y="2143" width="424" height="411" frameX="0" frameY="-50" frameWidth="433" frameHeight="469"/>
	<SubTexture name="BF hit0010" x="6008" y="2143" width="424" height="411" frameX="0" frameY="-50" frameWidth="433" frameHeight="469"/>
	<SubTexture name="BF hit0011" x="6436" y="2143" width="424" height="411" frameX="0" frameY="-50" frameWidth="433" frameHeight="469"/>
	<SubTexture name="BF hit0012" x="6008" y="2143" width="424" height="411" frameX="0" frameY="-50" frameWidth="433" frameHeight="469"/>
	<SubTexture name="BF hit0013" x="6436" y="2143" width="424" height="411" frameX="0" frameY="-50" frameWidth="433" frameHeight="469"/>
	<SubTexture name="BF hit0014" x="6008" y="2143" width="424" height="411" frameX="0" frameY="-50" frameWidth="433" frameHeight="469"/>
	<SubTexture name="BF hit0015" x="6436" y="2143" width="424" height="411" frameX="0" frameY="-50" frameWidth="433" frameHeight="469"/>
	<SubTexture name="BF hit0016" x="6008" y="2143" width="424" height="411" frameX="0" frameY="-50" frameWidth="433" frameHeight="469"/>
	<SubTexture name="BF hit0017" x="6436" y="2143" width="424" height="411" frameX="0" frameY="-50" frameWidth="433" frameHeight="469"/>
	<SubTexture name="BF hit0018" x="6008" y="2143" width="424" height="411" frameX="0" frameY="-50" frameWidth="433" frameHeight="469"/>
	<SubTexture name="BF idle dance0000" x="6864" y="2143" width="491" height="517"/>
	<SubTexture name="BF idle dance0001" x="6864" y="2143" width="491" height="517"/>
	<SubTexture name="BF idle dance0002" x="7359" y="2143" width="491" height="517"/>
	<SubTexture name="BF idle dance0003" x="7359" y="2143" width="491" height="517"/>
	<SubTexture name="BF idle dance0004" x="2" y="2680" width="491" height="517"/>
	<SubTexture name="BF idle dance0005" x="2" y="2680" width="491" height="517"/>
	<SubTexture name="BF idle dance0006" x="497" y="2680" width="491" height="517"/>
	<SubTexture name="BF idle dance0007" x="497" y="2680" width="491" height="517"/>
	<SubTexture name="BF idle dance0008" x="992" y="2680" width="491" height="517"/>
	<SubTexture name="BF idle dance0009" x="992" y="2680" width="491" height="517"/>
	<SubTexture name="BF idle dance0010" x="992" y="2680" width="491" height="517"/>
	<SubTexture name="BF idle dance0011" x="992" y="2680" width="491" height="517"/>
	<SubTexture name="BF idle dance0012" x="992" y="2680" width="491" height="517"/>
	<SubTexture name="BF idle dance0013" x="992" y="2680" width="491" height="517"/>
	<SubTexture name="BF idle shaking0000" x="1487" y="2680" width="491" height="517"/>
	<SubTexture name="BF idle shaking0001" x="1982" y="2680" width="491" height="517"/>
	<SubTexture name="BF idle shaking0002" x="2477" y="2680" width="491" height="517"/>
	<SubTexture name="BF idle shaking0003" x="1982" y="2680" width="491" height="517"/>
	<SubTexture name="bf pre attack0000" x="2972" y="2680" width="384" height="384" frameX="0" frameY="-2" frameWidth="397" frameHeight="386"/>
	<SubTexture name="bf pre attack0001" x="2972" y="2680" width="384" height="384" frameX="0" frameY="-2" frameWidth="397" frameHeight="386"/>
	<SubTexture name="bf pre attack0002" x="3360" y="2680" width="396" height="386" frameX="-1" frameY="0" frameWidth="397" frameHeight="386"/>
	<SubTexture name="bf pre attack0003" x="3360" y="2680" width="396" height="386" frameX="-1" frameY="0" frameWidth="397" frameHeight="386"/>
	<SubTexture name="bf pre attack0004" x="3760" y="2680" width="393" height="386" frameX="-1" frameY="0" frameWidth="397" frameHeight="386"/>
	<SubTexture name="bf pre attack0005" x="3760" y="2680" width="393" height="386" frameX="-1" frameY="0" frameWidth="397" frameHeight="386"/>
	<SubTexture name="bf pre attack0006" x="3760" y="2680" width="393" height="386" frameX="-1" frameY="0" frameWidth="397" frameHeight="386"/>
	<SubTexture name="bf pre attack0007" x="3760" y="2680" width="393" height="386" frameX="-1" frameY="0" frameWidth="397" frameHeight="386"/>
	<SubTexture name="bf pre attack0008" x="3760" y="2680" width="393" height="386" frameX="-1" frameY="0" frameWidth="397" frameHeight="386"/>
	<SubTexture name="bf pre attack0009" x="3760" y="2680" width="393" height="386" frameX="-1" frameY="0" frameWidth="397" frameHeight="386"/>
	<SubTexture name="bf pre attack0010" x="3760" y="2680" width="393" height="386" frameX="-1" frameY="0" frameWidth="397" frameHeight="386"/>
	<SubTexture name="bf pre attack0011" x="3760" y="2680" width="393" height="386" frameX="-1" frameY="0" frameWidth="397" frameHeight="386"/>
	<SubTexture name="bf pre attack0012" x="3760" y="2680" width="393" height="386" frameX="-1" frameY="0" frameWidth="397" frameHeight="386"/>
	<SubTexture name="bf pre attack0013" x="3760" y="2680" width="393" height="386" frameX="-1" frameY="0" frameWidth="397" frameHeight="386"/>
	<SubTexture name="bf pre attack0014" x="3760" y="2680" width="393" height="386" frameX="-1" frameY="0" frameWidth="397" frameHeight="386"/>
	<SubTexture name="bf pre attack0015" x="3760" y="2680" width="393" height="386" frameX="-1" frameY="0" frameWidth="397" frameHeight="386"/>
	<SubTexture name="bf pre attack0016" x="3760" y="2680" width="393" height="386" frameX="-1" frameY="0" frameWidth="397" frameHeight="386"/>
	<SubTexture name="bf pre attack0017" x="3760" y="2680" width="393" height="386" frameX="-1" frameY="0" frameWidth="397" frameHeight="386"/>
	<SubTexture name="bf pre attack0018" x="3760" y="2680" width="393" height="386" frameX="-1" frameY="0" frameWidth="397" frameHeight="386"/>
	<SubTexture name="bf pre attack0019" x="3760" y="2680" width="393" height="386" frameX="-1" frameY="0" frameWidth="397" frameHeight="386"/>
	<SubTexture name="bf pre attack0020" x="3760" y="2680" width="393" height="386" frameX="-1" frameY="0" frameWidth="397" frameHeight="386"/>
	<SubTexture name="bf pre attack0021" x="3760" y="2680" width="393" height="386" frameX="-1" frameY="0" frameWidth="397" frameHeight="386"/>
	<SubTexture name="bf pre attack0022" x="3760" y="2680" width="393" height="386" frameX="-1" frameY="0" frameWidth="397" frameHeight="386"/>
	<SubTexture name="bf pre attack0023" x="3760" y="2680" width="393" height="386" frameX="-1" frameY="0" frameWidth="397" frameHeight="386"/>
	<SubTexture name="bf pre attack0024" x="3760" y="2680" width="393" height="386" frameX="-1" frameY="0" frameWidth="397" frameHeight="386"/>
	<SubTexture name="bf pre attack0025" x="3760" y="2680" width="393" height="386" frameX="-1" frameY="0" frameWidth="397" frameHeight="386"/>
	<SubTexture name="bf pre attack0026" x="3760" y="2680" width="393" height="386" frameX="-1" frameY="0" frameWidth="397" frameHeight="386"/>
	<SubTexture name="bf pre attack0027" x="3760" y="2680" width="393" height="386" frameX="-1" frameY="0" frameWidth="397" frameHeight="386"/>
	<SubTexture name="bf pre attack0028" x="3760" y="2680" width="393" height="386" frameX="-1" frameY="0" frameWidth="397" frameHeight="386"/>
	<SubTexture name="bf pre attack0029" x="3760" y="2680" width="393" height="386" frameX="-1" frameY="0" frameWidth="397" frameHeight="386"/>
	<SubTexture name="boyfriend attack0000" x="4157" y="2680" width="741" height="622" frameX="0" frameY="-68" frameWidth="755" frameHeight="691"/>
	<SubTexture name="boyfriend attack0001" x="4157" y="2680" width="741" height="622" frameX="0" frameY="-68" frameWidth="755" frameHeight="691"/>
	<SubTexture name="boyfriend attack0002" x="4902" y="2680" width="645" height="680" frameX="-105" frameY="-10" frameWidth="755" frameHeight="691"/>
	<SubTexture name="boyfriend attack0003" x="4902" y="2680" width="645" height="680" frameX="-105" frameY="-10" frameWidth="755" frameHeight="691"/>
	<SubTexture name="boyfriend attack0004" x="5551" y="2680" width="495" height="690" frameX="-260" frameY="0" frameWidth="755" frameHeight="691"/>
	<SubTexture name="boyfriend attack0005" x="5551" y="2680" width="495" height="690" frameX="-260" frameY="0" frameWidth="755" frameHeight="691"/>
	<SubTexture name="boyfriend attack0006" x="6050" y="2680" width="554" height="645" frameX="-199" frameY="-46" frameWidth="755" frameHeight="691"/>
	<SubTexture name="boyfriend dodge0000" x="6608" y="2680" width="375" height="434" frameX="-2" frameY="0" frameWidth="392" frameHeight="434"/>
	<SubTexture name="boyfriend dodge0001" x="6987" y="2680" width="375" height="434" frameX="-2" frameY="0" frameWidth="392" frameHeight="434"/>
	<SubTexture name="boyfriend dodge0002" x="7366" y="2680" width="392" height="429" frameX="0" frameY="-4" frameWidth="392" frameHeight="434"/>
	<SubTexture name="boyfriend dodge0003" x="7762" y="2680" width="381" height="429" frameX="0" frameY="-4" frameWidth="392" frameHeight="434"/>
	<SubTexture name="boyfriend dodge0004" x="2" y="3374" width="381" height="429" frameX="0" frameY="-4" frameWidth="392" frameHeight="434"/>
	<SubTexture name="boyfriend dodge0005" x="7366" y="2680" width="392" height="429" frameX="0" frameY="-4" frameWidth="392" frameHeight="434"/>
	<SubTexture name="boyfriend dodge0006" x="7762" y="2680" width="381" height="429" frameX="0" frameY="-4" frameWidth="392" frameHeight="434"/>
	<SubTexture name="boyfriend dodge0007" x="2" y="3374" width="381" height="429" frameX="0" frameY="-4" frameWidth="392" frameHeight="434"/>
	<SubTexture name="boyfriend dodge0008" x="7366" y="2680" width="392" height="429" frameX="0" frameY="-4" frameWidth="392" frameHeight="434"/>
	<SubTexture name="boyfriend dodge0009" x="7762" y="2680" width="381" height="429" frameX="0" frameY="-4" frameWidth="392" frameHeight="434"/>
	<SubTexture name="boyfriend dodge0010" x="2" y="3374" width="381" height="429" frameX="0" frameY="-4" frameWidth="392" frameHeight="434"/>
	<SubTexture name="boyfriend dodge0011" x="7366" y="2680" width="392" height="429" frameX="0" frameY="-4" frameWidth="392" frameHeight="434"/>
	<SubTexture name="boyfriend dodge0012" x="7762" y="2680" width="381" height="429" frameX="0" frameY="-4" frameWidth="392" frameHeight="434"/>
	<SubTexture name="boyfriend dodge0013" x="2" y="3374" width="381" height="429" frameX="0" frameY="-4" frameWidth="392" frameHeight="434"/>
	<SubTexture name="boyfriend dodge0014" x="7366" y="2680" width="392" height="429" frameX="0" frameY="-4" frameWidth="392" frameHeight="434"/>
</TextureAtlas>
