﻿<?xml version="1.0" encoding="utf-8"?>
<TextureAtlas imagePath="fube.png">
	<!-- Created with Adobe Animate version 21.0.6.41649 -->
	<!-- http://www.adobe.com/products/animate.html -->
	<SubTexture name="fube down0000" x="1" y="1" width="1337" height="648" frameX="0" frameY="-337" frameWidth="1337" frameHeight="986"/>
	<SubTexture name="fube down0001" x="1339" y="1" width="1182" height="822" frameX="-77" frameY="-163" frameWidth="1337" frameHeight="986"/>
	<SubTexture name="fube down0002" x="1339" y="1" width="1182" height="822" frameX="-77" frameY="-163" frameWidth="1337" frameHeight="986"/>
	<SubTexture name="fube down0003" x="2522" y="1" width="1111" height="887" frameX="-113" frameY="-99" frameWidth="1337" frameHeight="986"/>
	<SubTexture name="fube down0004" x="2522" y="1" width="1111" height="887" frameX="-113" frameY="-99" frameWidth="1337" frameHeight="986"/>
	<SubTexture name="fube down0005" x="3634" y="1" width="1052" height="944" frameX="-143" frameY="-42" frameWidth="1337" frameHeight="986"/>
	<SubTexture name="fube down0006" x="3634" y="1" width="1052" height="944" frameX="-143" frameY="-42" frameWidth="1337" frameHeight="986"/>
	<SubTexture name="fube down0007" x="4687" y="1" width="1001" height="974" frameX="-168" frameY="-12" frameWidth="1337" frameHeight="986"/>
	<SubTexture name="fube down0008" x="5689" y="1" width="989" height="986" frameX="-174" frameY="0" frameWidth="1337" frameHeight="986"/>
	<SubTexture name="fube down0009" x="6679" y="1" width="989" height="986" frameX="-174" frameY="0" frameWidth="1337" frameHeight="986"/>
	<SubTexture name="fube down0010" x="6679" y="1" width="989" height="986" frameX="-174" frameY="0" frameWidth="1337" frameHeight="986"/>
	<SubTexture name="fube down0011" x="6679" y="1" width="989" height="986" frameX="-174" frameY="0" frameWidth="1337" frameHeight="986"/>
	<SubTexture name="fube down0012" x="6679" y="1" width="989" height="986" frameX="-174" frameY="0" frameWidth="1337" frameHeight="986"/>
	<SubTexture name="fube down0013" x="6679" y="1" width="989" height="986" frameX="-174" frameY="0" frameWidth="1337" frameHeight="986"/>
	<SubTexture name="fube idle0000" x="1" y="988" width="990" height="987"/>
	<SubTexture name="fube idle0001" x="1" y="988" width="990" height="987"/>
	<SubTexture name="fube idle0002" x="1" y="988" width="990" height="987"/>
	<SubTexture name="fube idle0003" x="1" y="988" width="990" height="987"/>
	<SubTexture name="fube idle0004" x="1" y="988" width="990" height="987"/>
	<SubTexture name="fube idle0005" x="5689" y="1" width="989" height="986" frameX="-1" frameY="-1" frameWidth="1337" frameHeight="986"/>
	<SubTexture name="fube idle0006" x="5689" y="1" width="989" height="986" frameX="-1" frameY="-1" frameWidth="1337" frameHeight="986"/>
	<SubTexture name="fube idle0007" x="5689" y="1" width="989" height="986" frameX="-1" frameY="-1" frameWidth="1337" frameHeight="986"/>
	<SubTexture name="fube idle0008" x="5689" y="1" width="989" height="986" frameX="-1" frameY="-1" frameWidth="1337" frameHeight="986"/>
	<SubTexture name="fube idle0009" x="5689" y="1" width="989" height="986" frameX="-1" frameY="-1" frameWidth="1337" frameHeight="986"/>
	<SubTexture name="fube idle0010" x="6679" y="1" width="989" height="986" frameX="-1" frameY="-1" frameWidth="1337" frameHeight="986"/>
	<SubTexture name="fube idle0011" x="6679" y="1" width="989" height="986" frameX="-1" frameY="-1" frameWidth="1337" frameHeight="986"/>
	<SubTexture name="fube idle0012" x="6679" y="1" width="989" height="986" frameX="-1" frameY="-1" frameWidth="1337" frameHeight="986"/>
	<SubTexture name="fube idle0013" x="6679" y="1" width="989" height="986" frameX="-1" frameY="-1" frameWidth="1337" frameHeight="986"/>
	<SubTexture name="fube idle0014" x="6679" y="1" width="989" height="986" frameX="-1" frameY="-1" frameWidth="1337" frameHeight="986"/>
	<SubTexture name="fube left0000" x="992" y="988" width="1139" height="1130" frameX="0" frameY="0" frameWidth="1215" frameHeight="1131"/>
	<SubTexture name="fube left0001" x="2132" y="988" width="1111" height="1117" frameX="-58" frameY="-14" frameWidth="1215" frameHeight="1131"/>
	<SubTexture name="fube left0002" x="2132" y="988" width="1111" height="1117" frameX="-58" frameY="-14" frameWidth="1215" frameHeight="1131"/>
	<SubTexture name="fube left0003" x="3244" y="988" width="1122" height="1112" frameX="-66" frameY="-14" frameWidth="1215" frameHeight="1131"/>
	<SubTexture name="fube left0004" x="3244" y="988" width="1122" height="1112" frameX="-66" frameY="-14" frameWidth="1215" frameHeight="1131"/>
	<SubTexture name="fube left0005" x="4367" y="988" width="1142" height="1114" frameX="-73" frameY="-6" frameWidth="1215" frameHeight="1131"/>
	<SubTexture name="fube left0006" x="4367" y="988" width="1142" height="1114" frameX="-73" frameY="-6" frameWidth="1215" frameHeight="1131"/>
	<SubTexture name="fube left0007" x="4367" y="988" width="1142" height="1114" frameX="-73" frameY="-6" frameWidth="1215" frameHeight="1131"/>
	<SubTexture name="fube left0008" x="4367" y="988" width="1142" height="1114" frameX="-73" frameY="-6" frameWidth="1215" frameHeight="1131"/>
	<SubTexture name="fube left0009" x="4367" y="988" width="1142" height="1114" frameX="-73" frameY="-6" frameWidth="1215" frameHeight="1131"/>
	<SubTexture name="fube left0010" x="4367" y="988" width="1142" height="1114" frameX="-73" frameY="-6" frameWidth="1215" frameHeight="1131"/>
	<SubTexture name="fube left0011" x="4367" y="988" width="1142" height="1114" frameX="-73" frameY="-6" frameWidth="1215" frameHeight="1131"/>
	<SubTexture name="fube left0012" x="4367" y="988" width="1142" height="1114" frameX="-73" frameY="-6" frameWidth="1215" frameHeight="1131"/>
	<SubTexture name="fube left0013" x="4367" y="988" width="1142" height="1114" frameX="-73" frameY="-6" frameWidth="1215" frameHeight="1131"/>
	<SubTexture name="fube right0000" x="5510" y="988" width="1139" height="1130" frameX="-76" frameY="0" frameWidth="1215" frameHeight="1131"/>
	<SubTexture name="fube right0001" x="6650" y="988" width="1111" height="1117" frameX="-46" frameY="-14" frameWidth="1215" frameHeight="1131"/>
	<SubTexture name="fube right0002" x="6650" y="988" width="1111" height="1117" frameX="-46" frameY="-14" frameWidth="1215" frameHeight="1131"/>
	<SubTexture name="fube right0003" x="1" y="2119" width="1122" height="1112" frameX="-27" frameY="-14" frameWidth="1215" frameHeight="1131"/>
	<SubTexture name="fube right0004" x="1" y="2119" width="1122" height="1112" frameX="-27" frameY="-14" frameWidth="1215" frameHeight="1131"/>
	<SubTexture name="fube right0005" x="1124" y="2119" width="1142" height="1114" frameX="0" frameY="-6" frameWidth="1215" frameHeight="1131"/>
	<SubTexture name="fube right0006" x="1124" y="2119" width="1142" height="1114" frameX="0" frameY="-6" frameWidth="1215" frameHeight="1131"/>
	<SubTexture name="fube right0007" x="1124" y="2119" width="1142" height="1114" frameX="0" frameY="-6" frameWidth="1215" frameHeight="1131"/>
	<SubTexture name="fube right0008" x="1124" y="2119" width="1142" height="1114" frameX="0" frameY="-6" frameWidth="1215" frameHeight="1131"/>
	<SubTexture name="fube right0009" x="1124" y="2119" width="1142" height="1114" frameX="0" frameY="-6" frameWidth="1215" frameHeight="1131"/>
	<SubTexture name="fube right0010" x="1124" y="2119" width="1142" height="1114" frameX="0" frameY="-6" frameWidth="1215" frameHeight="1131"/>
	<SubTexture name="fube right0011" x="1124" y="2119" width="1142" height="1114" frameX="0" frameY="-6" frameWidth="1215" frameHeight="1131"/>
	<SubTexture name="fube right0012" x="1124" y="2119" width="1142" height="1114" frameX="0" frameY="-6" frameWidth="1215" frameHeight="1131"/>
	<SubTexture name="fube right0013" x="1124" y="2119" width="1142" height="1114" frameX="0" frameY="-6" frameWidth="1215" frameHeight="1131"/>
	<SubTexture name="fube up0000" x="2267" y="2119" width="802" height="1143" frameX="-93" frameY="0" frameWidth="988" frameHeight="1143"/>
	<SubTexture name="fube up0001" x="3070" y="2119" width="886" height="1089" frameX="-51" frameY="-54" frameWidth="988" frameHeight="1143"/>
	<SubTexture name="fube up0002" x="3070" y="2119" width="886" height="1089" frameX="-51" frameY="-54" frameWidth="988" frameHeight="1143"/>
	<SubTexture name="fube up0003" x="3957" y="2119" width="918" height="1055" frameX="-35" frameY="-88" frameWidth="988" frameHeight="1143"/>
	<SubTexture name="fube up0004" x="3957" y="2119" width="918" height="1055" frameX="-35" frameY="-88" frameWidth="988" frameHeight="1143"/>
	<SubTexture name="fube up0005" x="4876" y="2119" width="940" height="1026" frameX="-24" frameY="-117" frameWidth="988" frameHeight="1143"/>
	<SubTexture name="fube up0006" x="4876" y="2119" width="940" height="1026" frameX="-24" frameY="-117" frameWidth="988" frameHeight="1143"/>
	<SubTexture name="fube up0007" x="5817" y="2119" width="964" height="996" frameX="-12" frameY="-147" frameWidth="988" frameHeight="1143"/>
	<SubTexture name="fube up0008" x="6782" y="2119" width="988" height="986" frameX="0" frameY="-157" frameWidth="988" frameHeight="1143"/>
	<SubTexture name="fube up0009" x="6782" y="2119" width="988" height="986" frameX="0" frameY="-157" frameWidth="988" frameHeight="1143"/>
	<SubTexture name="fube up0010" x="1" y="3263" width="988" height="986" frameX="0" frameY="-157" frameWidth="988" frameHeight="1143"/>
	<SubTexture name="fube up0011" x="1" y="3263" width="988" height="986" frameX="0" frameY="-157" frameWidth="988" frameHeight="1143"/>
	<SubTexture name="fube up0012" x="1" y="3263" width="988" height="986" frameX="0" frameY="-157" frameWidth="988" frameHeight="1143"/>
	<SubTexture name="fube up0013" x="1" y="3263" width="988" height="986" frameX="0" frameY="-157" frameWidth="988" frameHeight="1143"/>
	<SubTexture name="fube up0014" x="1" y="3263" width="988" height="986" frameX="0" frameY="-157" frameWidth="988" frameHeight="1143"/>
</TextureAtlas>
