﻿<?xml version="1.0" encoding="utf-8"?>
<TextureAtlas imagePath="GF_assets.png">
	<!-- Created with Adobe Animate version 20.0.3.25487 -->
	<!-- http://www.adobe.com/products/animate.html -->
	<SubTexture name="GF Cheer0000" x="2" y="2" width="699" height="658" frameX="-2" frameY="0" frameWidth="703" frameHeight="658"/>
	<SubTexture name="GF Cheer0001" x="705" y="2" width="703" height="658"/>
	<SubTexture name="GF Cheer0002" x="1412" y="2" width="703" height="655" frameX="0" frameY="-3" frameWidth="703" frameHeight="658"/>
	<SubTexture name="GF Cheer0003" x="2119" y="2" width="699" height="655" frameX="-2" frameY="-3" frameWidth="703" frameHeight="658"/>
	<SubTexture name="GF Cheer0004" x="2822" y="2" width="699" height="655" frameX="-2" frameY="-3" frameWidth="703" frameHeight="658"/>
	<SubTexture name="GF Cheer0005" x="2822" y="2" width="699" height="655" frameX="-2" frameY="-3" frameWidth="703" frameHeight="658"/>
	<SubTexture name="GF Cheer0006" x="2822" y="2" width="699" height="655" frameX="-2" frameY="-3" frameWidth="703" frameHeight="658"/>
	<SubTexture name="GF Cheer0007" x="2822" y="2" width="699" height="655" frameX="-2" frameY="-3" frameWidth="703" frameHeight="658"/>
	<SubTexture name="GF Cheer0008" x="2822" y="2" width="699" height="655" frameX="-2" frameY="-3" frameWidth="703" frameHeight="658"/>
	<SubTexture name="GF Cheer0009" x="2822" y="2" width="699" height="655" frameX="-2" frameY="-3" frameWidth="703" frameHeight="658"/>
	<SubTexture name="GF Cheer0010" x="2822" y="2" width="699" height="655" frameX="-2" frameY="-3" frameWidth="703" frameHeight="658"/>
	<SubTexture name="GF Cheer0011" x="2822" y="2" width="699" height="655" frameX="-2" frameY="-3" frameWidth="703" frameHeight="658"/>
	<SubTexture name="GF Cheer0012" x="2822" y="2" width="699" height="655" frameX="-2" frameY="-3" frameWidth="703" frameHeight="658"/>
	<SubTexture name="GF Cheer0013" x="2822" y="2" width="699" height="655" frameX="-2" frameY="-3" frameWidth="703" frameHeight="658"/>
	<SubTexture name="GF Cheer0014" x="2822" y="2" width="699" height="655" frameX="-2" frameY="-3" frameWidth="703" frameHeight="658"/>
	<SubTexture name="GF Cheer0015" x="2822" y="2" width="699" height="655" frameX="-2" frameY="-3" frameWidth="703" frameHeight="658"/>
	<SubTexture name="GF Cheer0016" x="2822" y="2" width="699" height="655" frameX="-2" frameY="-3" frameWidth="703" frameHeight="658"/>
	<SubTexture name="GF Cheer0017" x="2822" y="2" width="699" height="655" frameX="-2" frameY="-3" frameWidth="703" frameHeight="658"/>
	<SubTexture name="GF Cheer0018" x="2822" y="2" width="699" height="655" frameX="-2" frameY="-3" frameWidth="703" frameHeight="658"/>
	<SubTexture name="GF Cheer0019" x="2822" y="2" width="699" height="655" frameX="-2" frameY="-3" frameWidth="703" frameHeight="658"/>
	<SubTexture name="GF Cheer0020" x="2822" y="2" width="699" height="655" frameX="-2" frameY="-3" frameWidth="703" frameHeight="658"/>
	<SubTexture name="GF Dancing Beat0000" x="3525" y="2" width="699" height="655" frameX="-2" frameY="-6" frameWidth="703" frameHeight="661"/>
	<SubTexture name="GF Dancing Beat0001" x="4228" y="2" width="703" height="655" frameX="0" frameY="-6" frameWidth="703" frameHeight="661"/>
	<SubTexture name="GF Dancing Beat0002" x="4935" y="2" width="703" height="655" frameX="0" frameY="-6" frameWidth="703" frameHeight="661"/>
	<SubTexture name="GF Dancing Beat0003" x="5642" y="2" width="699" height="655" frameX="-2" frameY="-6" frameWidth="703" frameHeight="661"/>
	<SubTexture name="GF Dancing Beat0004" x="6345" y="2" width="699" height="657" frameX="-2" frameY="-4" frameWidth="703" frameHeight="661"/>
	<SubTexture name="GF Dancing Beat0005" x="7048" y="2" width="699" height="657" frameX="-2" frameY="-4" frameWidth="703" frameHeight="661"/>
	<SubTexture name="GF Dancing Beat0006" x="2" y="664" width="699" height="658" frameX="-2" frameY="-3" frameWidth="703" frameHeight="661"/>
	<SubTexture name="GF Dancing Beat0007" x="705" y="664" width="699" height="660" frameX="-2" frameY="-1" frameWidth="703" frameHeight="661"/>
	<SubTexture name="GF Dancing Beat0008" x="705" y="664" width="699" height="660" frameX="-2" frameY="-1" frameWidth="703" frameHeight="661"/>
	<SubTexture name="GF Dancing Beat0009" x="705" y="664" width="699" height="660" frameX="-2" frameY="-1" frameWidth="703" frameHeight="661"/>
	<SubTexture name="GF Dancing Beat0010" x="1408" y="664" width="699" height="660" frameX="-2" frameY="-1" frameWidth="703" frameHeight="661"/>
	<SubTexture name="GF Dancing Beat0011" x="1408" y="664" width="699" height="660" frameX="-2" frameY="-1" frameWidth="703" frameHeight="661"/>
	<SubTexture name="GF Dancing Beat0012" x="1408" y="664" width="699" height="660" frameX="-2" frameY="-1" frameWidth="703" frameHeight="661"/>
	<SubTexture name="GF Dancing Beat0013" x="2111" y="664" width="699" height="658" frameX="-2" frameY="-3" frameWidth="703" frameHeight="661"/>
	<SubTexture name="GF Dancing Beat0014" x="2111" y="664" width="699" height="658" frameX="-2" frameY="-3" frameWidth="703" frameHeight="661"/>
	<SubTexture name="GF Dancing Beat0015" x="2814" y="664" width="699" height="640" frameX="-2" frameY="-21" frameWidth="703" frameHeight="661"/>
	<SubTexture name="GF Dancing Beat0016" x="3517" y="664" width="703" height="640" frameX="0" frameY="-21" frameWidth="703" frameHeight="661"/>
	<SubTexture name="GF Dancing Beat0017" x="4224" y="664" width="703" height="641" frameX="0" frameY="-20" frameWidth="703" frameHeight="661"/>
	<SubTexture name="GF Dancing Beat0018" x="4931" y="664" width="699" height="641" frameX="-2" frameY="-20" frameWidth="703" frameHeight="661"/>
	<SubTexture name="GF Dancing Beat0019" x="5634" y="664" width="699" height="642" frameX="-2" frameY="-19" frameWidth="703" frameHeight="661"/>
	<SubTexture name="GF Dancing Beat0020" x="6337" y="664" width="699" height="642" frameX="-2" frameY="-19" frameWidth="703" frameHeight="661"/>
	<SubTexture name="GF Dancing Beat0021" x="7040" y="664" width="699" height="639" frameX="-2" frameY="-22" frameWidth="703" frameHeight="661"/>
	<SubTexture name="GF Dancing Beat0022" x="2" y="1328" width="699" height="658" frameX="-2" frameY="-3" frameWidth="703" frameHeight="661"/>
	<SubTexture name="GF Dancing Beat0023" x="2" y="1328" width="699" height="658" frameX="-2" frameY="-3" frameWidth="703" frameHeight="661"/>
	<SubTexture name="GF Dancing Beat0024" x="2" y="1328" width="699" height="658" frameX="-2" frameY="-3" frameWidth="703" frameHeight="661"/>
	<SubTexture name="GF Dancing Beat0025" x="705" y="1328" width="699" height="660" frameX="-2" frameY="-1" frameWidth="703" frameHeight="661"/>
	<SubTexture name="GF Dancing Beat0026" x="705" y="1328" width="699" height="660" frameX="-2" frameY="-1" frameWidth="703" frameHeight="661"/>
	<SubTexture name="GF Dancing Beat0027" x="705" y="1328" width="699" height="660" frameX="-2" frameY="-1" frameWidth="703" frameHeight="661"/>
	<SubTexture name="GF Dancing Beat0028" x="1408" y="1328" width="699" height="661" frameX="-2" frameY="0" frameWidth="703" frameHeight="661"/>
	<SubTexture name="GF Dancing Beat0029" x="1408" y="1328" width="699" height="661" frameX="-2" frameY="0" frameWidth="703" frameHeight="661"/>
	<SubTexture name="GF Dancing Beat Hair Landing0000" x="2111" y="1328" width="699" height="655" frameX="-2" frameY="-6" frameWidth="703" frameHeight="661"/>
	<SubTexture name="GF Dancing Beat Hair Landing0001" x="2814" y="1328" width="703" height="655" frameX="0" frameY="-6" frameWidth="703" frameHeight="661"/>
	<SubTexture name="GF Dancing Beat Hair Landing0002" x="3521" y="1328" width="703" height="655" frameX="0" frameY="-6" frameWidth="703" frameHeight="661"/>
	<SubTexture name="GF Dancing Beat Hair Landing0003" x="4228" y="1328" width="699" height="655" frameX="-2" frameY="-6" frameWidth="703" frameHeight="661"/>
	<SubTexture name="GF Dancing Beat Hair Landing0004" x="4931" y="1328" width="699" height="657" frameX="-2" frameY="-4" frameWidth="703" frameHeight="661"/>
	<SubTexture name="GF Dancing Beat Hair Landing0005" x="5634" y="1328" width="699" height="657" frameX="-2" frameY="-4" frameWidth="703" frameHeight="661"/>
	<SubTexture name="GF Dancing Beat Hair Landing0006" x="6337" y="1328" width="699" height="658" frameX="-2" frameY="-3" frameWidth="703" frameHeight="661"/>
	<SubTexture name="GF Dancing Beat Hair Landing0007" x="705" y="664" width="699" height="660" frameX="-2" frameY="-1" frameWidth="703" frameHeight="661"/>
	<SubTexture name="GF Dancing Beat Hair Landing0008" x="705" y="664" width="699" height="660" frameX="-2" frameY="-1" frameWidth="703" frameHeight="661"/>
	<SubTexture name="GF Dancing Beat Hair Landing0009" x="705" y="664" width="699" height="660" frameX="-2" frameY="-1" frameWidth="703" frameHeight="661"/>
	<SubTexture name="GF Dancing Beat Hair Landing0010" x="1408" y="664" width="699" height="660" frameX="-2" frameY="-1" frameWidth="703" frameHeight="661"/>
	<SubTexture name="GF Dancing Beat Hair Landing0011" x="1408" y="664" width="699" height="660" frameX="-2" frameY="-1" frameWidth="703" frameHeight="661"/>
	<SubTexture name="GF Dancing Beat Hair Landing0012" x="1408" y="664" width="699" height="660" frameX="-2" frameY="-1" frameWidth="703" frameHeight="661"/>
	<SubTexture name="GF Dancing Beat Hair Landing0013" x="2111" y="664" width="699" height="658" frameX="-2" frameY="-3" frameWidth="703" frameHeight="661"/>
	<SubTexture name="GF Dancing Beat Hair Landing0014" x="2111" y="664" width="699" height="658" frameX="-2" frameY="-3" frameWidth="703" frameHeight="661"/>
	<SubTexture name="GF Dancing Beat Hair Landing0015" x="2814" y="664" width="699" height="640" frameX="-2" frameY="-21" frameWidth="703" frameHeight="661"/>
	<SubTexture name="GF Dancing Beat Hair Landing0016" x="3517" y="664" width="703" height="640" frameX="0" frameY="-21" frameWidth="703" frameHeight="661"/>
	<SubTexture name="GF Dancing Beat Hair Landing0017" x="4224" y="664" width="703" height="641" frameX="0" frameY="-20" frameWidth="703" frameHeight="661"/>
	<SubTexture name="GF Dancing Beat Hair Landing0018" x="4931" y="664" width="699" height="641" frameX="-2" frameY="-20" frameWidth="703" frameHeight="661"/>
	<SubTexture name="GF Dancing Beat Hair Landing0019" x="5634" y="664" width="699" height="642" frameX="-2" frameY="-19" frameWidth="703" frameHeight="661"/>
	<SubTexture name="GF Dancing Beat Hair Landing0020" x="6337" y="664" width="699" height="642" frameX="-2" frameY="-19" frameWidth="703" frameHeight="661"/>
	<SubTexture name="GF Dancing Beat Hair Landing0021" x="7040" y="664" width="699" height="639" frameX="-2" frameY="-22" frameWidth="703" frameHeight="661"/>
	<SubTexture name="GF Dancing Beat Hair Landing0022" x="2" y="1328" width="699" height="658" frameX="-2" frameY="-3" frameWidth="703" frameHeight="661"/>
	<SubTexture name="GF Dancing Beat Hair Landing0023" x="2" y="1328" width="699" height="658" frameX="-2" frameY="-3" frameWidth="703" frameHeight="661"/>
	<SubTexture name="GF Dancing Beat Hair Landing0024" x="2" y="1328" width="699" height="658" frameX="-2" frameY="-3" frameWidth="703" frameHeight="661"/>
	<SubTexture name="GF Dancing Beat Hair Landing0025" x="705" y="1328" width="699" height="660" frameX="-2" frameY="-1" frameWidth="703" frameHeight="661"/>
	<SubTexture name="GF Dancing Beat Hair Landing0026" x="705" y="1328" width="699" height="660" frameX="-2" frameY="-1" frameWidth="703" frameHeight="661"/>
	<SubTexture name="GF Dancing Beat Hair Landing0027" x="705" y="1328" width="699" height="660" frameX="-2" frameY="-1" frameWidth="703" frameHeight="661"/>
	<SubTexture name="GF Dancing Beat Hair Landing0028" x="1408" y="1328" width="699" height="661" frameX="-2" frameY="0" frameWidth="703" frameHeight="661"/>
	<SubTexture name="GF Dancing Beat Hair Landing0029" x="1408" y="1328" width="699" height="661" frameX="-2" frameY="0" frameWidth="703" frameHeight="661"/>
	<SubTexture name="GF Dancing Beat Hair blowing0000" x="7040" y="1328" width="699" height="655" frameX="-2" frameY="-6" frameWidth="703" frameHeight="661"/>
	<SubTexture name="GF Dancing Beat Hair blowing0001" x="2" y="1993" width="703" height="655" frameX="0" frameY="-6" frameWidth="703" frameHeight="661"/>
	<SubTexture name="GF Dancing Beat Hair blowing0002" x="709" y="1993" width="703" height="655" frameX="0" frameY="-6" frameWidth="703" frameHeight="661"/>
	<SubTexture name="GF Dancing Beat Hair blowing0003" x="1416" y="1993" width="699" height="655" frameX="-2" frameY="-6" frameWidth="703" frameHeight="661"/>
	<SubTexture name="GF Dancing Beat Hair blowing0004" x="2119" y="1993" width="699" height="657" frameX="-2" frameY="-4" frameWidth="703" frameHeight="661"/>
	<SubTexture name="GF Dancing Beat Hair blowing0005" x="2822" y="1993" width="699" height="657" frameX="-2" frameY="-4" frameWidth="703" frameHeight="661"/>
	<SubTexture name="GF Dancing Beat Hair blowing0006" x="3525" y="1993" width="699" height="658" frameX="-2" frameY="-3" frameWidth="703" frameHeight="661"/>
	<SubTexture name="GF Dancing Beat Hair blowing0007" x="4228" y="1993" width="699" height="660" frameX="-2" frameY="-1" frameWidth="703" frameHeight="661"/>
	<SubTexture name="GF Dancing Beat Hair blowing0008" x="4931" y="1993" width="699" height="660" frameX="-2" frameY="-1" frameWidth="703" frameHeight="661"/>
	<SubTexture name="GF Dancing Beat Hair blowing0009" x="5634" y="1993" width="699" height="660" frameX="-2" frameY="-1" frameWidth="703" frameHeight="661"/>
	<SubTexture name="GF Dancing Beat Hair blowing0010" x="6337" y="1993" width="699" height="660" frameX="-2" frameY="-1" frameWidth="703" frameHeight="661"/>
	<SubTexture name="GF Dancing Beat Hair blowing0011" x="6337" y="1993" width="699" height="660" frameX="-2" frameY="-1" frameWidth="703" frameHeight="661"/>
	<SubTexture name="GF Dancing Beat Hair blowing0012" x="7040" y="1993" width="699" height="660" frameX="-2" frameY="-1" frameWidth="703" frameHeight="661"/>
	<SubTexture name="GF Dancing Beat Hair blowing0013" x="2" y="2657" width="699" height="658" frameX="-2" frameY="-3" frameWidth="703" frameHeight="661"/>
	<SubTexture name="GF Dancing Beat Hair blowing0014" x="705" y="2657" width="699" height="658" frameX="-2" frameY="-3" frameWidth="703" frameHeight="661"/>
	<SubTexture name="GF Dancing Beat Hair blowing0015" x="1408" y="2657" width="699" height="640" frameX="-2" frameY="-21" frameWidth="703" frameHeight="661"/>
	<SubTexture name="GF Dancing Beat Hair blowing0016" x="2111" y="2657" width="703" height="640" frameX="0" frameY="-21" frameWidth="703" frameHeight="661"/>
	<SubTexture name="GF Dancing Beat Hair blowing0017" x="2818" y="2657" width="703" height="641" frameX="0" frameY="-20" frameWidth="703" frameHeight="661"/>
	<SubTexture name="GF Dancing Beat Hair blowing0018" x="3525" y="2657" width="699" height="641" frameX="-2" frameY="-20" frameWidth="703" frameHeight="661"/>
	<SubTexture name="GF Dancing Beat Hair blowing0019" x="4228" y="2657" width="699" height="642" frameX="-2" frameY="-19" frameWidth="703" frameHeight="661"/>
	<SubTexture name="GF Dancing Beat Hair blowing0020" x="4931" y="2657" width="699" height="642" frameX="-2" frameY="-19" frameWidth="703" frameHeight="661"/>
	<SubTexture name="GF Dancing Beat Hair blowing0021" x="5634" y="2657" width="699" height="639" frameX="-2" frameY="-22" frameWidth="703" frameHeight="661"/>
	<SubTexture name="GF Dancing Beat Hair blowing0022" x="6337" y="2657" width="699" height="658" frameX="-2" frameY="-3" frameWidth="703" frameHeight="661"/>
	<SubTexture name="GF Dancing Beat Hair blowing0023" x="6337" y="2657" width="699" height="658" frameX="-2" frameY="-3" frameWidth="703" frameHeight="661"/>
	<SubTexture name="GF Dancing Beat Hair blowing0024" x="7040" y="2657" width="699" height="658" frameX="-2" frameY="-3" frameWidth="703" frameHeight="661"/>
	<SubTexture name="GF Dancing Beat Hair blowing0025" x="2" y="3319" width="699" height="660" frameX="-2" frameY="-1" frameWidth="703" frameHeight="661"/>
	<SubTexture name="GF Dancing Beat Hair blowing0026" x="705" y="3319" width="699" height="660" frameX="-2" frameY="-1" frameWidth="703" frameHeight="661"/>
	<SubTexture name="GF Dancing Beat Hair blowing0027" x="1408" y="3319" width="699" height="660" frameX="-2" frameY="-1" frameWidth="703" frameHeight="661"/>
	<SubTexture name="GF Dancing Beat Hair blowing0028" x="2111" y="3319" width="699" height="661" frameX="-2" frameY="0" frameWidth="703" frameHeight="661"/>
	<SubTexture name="GF Dancing Beat Hair blowing0029" x="2111" y="3319" width="699" height="661" frameX="-2" frameY="0" frameWidth="703" frameHeight="661"/>
	<SubTexture name="GF Down Note0000" x="2814" y="3319" width="699" height="646" frameX="-2" frameY="-5" frameWidth="703" frameHeight="651"/>
	<SubTexture name="GF Down Note0001" x="3517" y="3319" width="703" height="646" frameX="0" frameY="-5" frameWidth="703" frameHeight="651"/>
	<SubTexture name="GF Down Note0002" x="4224" y="3319" width="703" height="651"/>
	<SubTexture name="GF Down Note0003" x="4931" y="3319" width="699" height="651" frameX="-2" frameY="0" frameWidth="703" frameHeight="651"/>
	<SubTexture name="GF Down Note0004" x="5634" y="3319" width="699" height="651" frameX="-2" frameY="0" frameWidth="703" frameHeight="651"/>
	<SubTexture name="GF Down Note0005" x="5634" y="3319" width="699" height="651" frameX="-2" frameY="0" frameWidth="703" frameHeight="651"/>
	<SubTexture name="GF Down Note0006" x="5634" y="3319" width="699" height="651" frameX="-2" frameY="0" frameWidth="703" frameHeight="651"/>
	<SubTexture name="GF Down Note0007" x="5634" y="3319" width="699" height="651" frameX="-2" frameY="0" frameWidth="703" frameHeight="651"/>
	<SubTexture name="GF Down Note0008" x="5634" y="3319" width="699" height="651" frameX="-2" frameY="0" frameWidth="703" frameHeight="651"/>
	<SubTexture name="GF Down Note0009" x="5634" y="3319" width="699" height="651" frameX="-2" frameY="0" frameWidth="703" frameHeight="651"/>
	<SubTexture name="GF Down Note0010" x="5634" y="3319" width="699" height="651" frameX="-2" frameY="0" frameWidth="703" frameHeight="651"/>
	<SubTexture name="GF Down Note0011" x="5634" y="3319" width="699" height="651" frameX="-2" frameY="0" frameWidth="703" frameHeight="651"/>
	<SubTexture name="GF Down Note0012" x="5634" y="3319" width="699" height="651" frameX="-2" frameY="0" frameWidth="703" frameHeight="651"/>
	<SubTexture name="GF Down Note0013" x="5634" y="3319" width="699" height="651" frameX="-2" frameY="0" frameWidth="703" frameHeight="651"/>
	<SubTexture name="GF Down Note0014" x="5634" y="3319" width="699" height="651" frameX="-2" frameY="0" frameWidth="703" frameHeight="651"/>
	<SubTexture name="GF Down Note0015" x="5634" y="3319" width="699" height="651" frameX="-2" frameY="0" frameWidth="703" frameHeight="651"/>
	<SubTexture name="GF Down Note0016" x="5634" y="3319" width="699" height="651" frameX="-2" frameY="0" frameWidth="703" frameHeight="651"/>
	<SubTexture name="GF Down Note0017" x="5634" y="3319" width="699" height="651" frameX="-2" frameY="0" frameWidth="703" frameHeight="651"/>
	<SubTexture name="GF Down Note0018" x="5634" y="3319" width="699" height="651" frameX="-2" frameY="0" frameWidth="703" frameHeight="651"/>
	<SubTexture name="GF Down Note0019" x="5634" y="3319" width="699" height="651" frameX="-2" frameY="0" frameWidth="703" frameHeight="651"/>
	<SubTexture name="GF Duck0000" x="6337" y="3319" width="713" height="574" frameX="0" frameY="-10" frameWidth="713" frameHeight="584"/>
	<SubTexture name="GF Duck0001" x="6337" y="3319" width="713" height="574" frameX="0" frameY="-10" frameWidth="713" frameHeight="584"/>
	<SubTexture name="GF Duck0002" x="7054" y="3319" width="708" height="584" frameX="-3" frameY="0" frameWidth="713" frameHeight="584"/>
	<SubTexture name="GF Duck0003" x="7054" y="3319" width="708" height="584" frameX="-3" frameY="0" frameWidth="713" frameHeight="584"/>
	<SubTexture name="GF FEAR 0000" x="2" y="3984" width="699" height="639"/>
	<SubTexture name="GF FEAR 0001" x="705" y="3984" width="699" height="639"/>
	<SubTexture name="GF FEAR 0002" x="1408" y="3984" width="699" height="637" frameX="0" frameY="-2" frameWidth="699" frameHeight="639"/>
	<SubTexture name="GF FEAR 0003" x="2111" y="3984" width="699" height="639"/>
	<SubTexture name="GF Right Note0000" x="2814" y="3984" width="699" height="641" frameX="-2" frameY="-1" frameWidth="703" frameHeight="642"/>
	<SubTexture name="GF Right Note0001" x="3517" y="3984" width="703" height="641" frameX="0" frameY="-1" frameWidth="703" frameHeight="642"/>
	<SubTexture name="GF Right Note0002" x="4224" y="3984" width="703" height="642"/>
	<SubTexture name="GF Right Note0003" x="4931" y="3984" width="699" height="642" frameX="-2" frameY="0" frameWidth="703" frameHeight="642"/>
	<SubTexture name="GF Right Note0004" x="5634" y="3984" width="699" height="642" frameX="-2" frameY="0" frameWidth="703" frameHeight="642"/>
	<SubTexture name="GF Right Note0005" x="6337" y="3984" width="699" height="642" frameX="-2" frameY="0" frameWidth="703" frameHeight="642"/>
	<SubTexture name="GF Right Note0006" x="7040" y="3984" width="699" height="642" frameX="-2" frameY="0" frameWidth="703" frameHeight="642"/>
	<SubTexture name="GF Right Note0007" x="7040" y="3984" width="699" height="642" frameX="-2" frameY="0" frameWidth="703" frameHeight="642"/>
	<SubTexture name="GF Right Note0008" x="2" y="4630" width="699" height="642" frameX="-2" frameY="0" frameWidth="703" frameHeight="642"/>
	<SubTexture name="GF Right Note0009" x="2" y="4630" width="699" height="642" frameX="-2" frameY="0" frameWidth="703" frameHeight="642"/>
	<SubTexture name="GF Right Note0010" x="2" y="4630" width="699" height="642" frameX="-2" frameY="0" frameWidth="703" frameHeight="642"/>
	<SubTexture name="GF Right Note0011" x="2" y="4630" width="699" height="642" frameX="-2" frameY="0" frameWidth="703" frameHeight="642"/>
	<SubTexture name="GF Right Note0012" x="2" y="4630" width="699" height="642" frameX="-2" frameY="0" frameWidth="703" frameHeight="642"/>
	<SubTexture name="GF Right Note0013" x="2" y="4630" width="699" height="642" frameX="-2" frameY="0" frameWidth="703" frameHeight="642"/>
	<SubTexture name="GF Right Note0014" x="2" y="4630" width="699" height="642" frameX="-2" frameY="0" frameWidth="703" frameHeight="642"/>
	<SubTexture name="GF Up Note0000" x="705" y="4630" width="699" height="673" frameX="-2" frameY="0" frameWidth="703" frameHeight="673"/>
	<SubTexture name="GF Up Note0001" x="1408" y="4630" width="703" height="673"/>
	<SubTexture name="GF Up Note0002" x="2115" y="4630" width="703" height="671" frameX="0" frameY="-2" frameWidth="703" frameHeight="673"/>
	<SubTexture name="GF Up Note0003" x="2822" y="4630" width="699" height="671" frameX="-2" frameY="-2" frameWidth="703" frameHeight="673"/>
	<SubTexture name="GF Up Note0004" x="3525" y="4630" width="699" height="671" frameX="-2" frameY="-2" frameWidth="703" frameHeight="673"/>
	<SubTexture name="GF Up Note0005" x="3525" y="4630" width="699" height="671" frameX="-2" frameY="-2" frameWidth="703" frameHeight="673"/>
	<SubTexture name="GF Up Note0006" x="3525" y="4630" width="699" height="671" frameX="-2" frameY="-2" frameWidth="703" frameHeight="673"/>
	<SubTexture name="GF left note0000" x="4228" y="4630" width="699" height="657" frameX="-2" frameY="-1" frameWidth="703" frameHeight="658"/>
	<SubTexture name="GF left note0001" x="4931" y="4630" width="703" height="657" frameX="0" frameY="-1" frameWidth="703" frameHeight="658"/>
	<SubTexture name="GF left note0002" x="5638" y="4630" width="703" height="658"/>
	<SubTexture name="GF left note0003" x="6345" y="4630" width="699" height="658" frameX="-2" frameY="0" frameWidth="703" frameHeight="658"/>
	<SubTexture name="GF left note0004" x="7048" y="4630" width="699" height="658" frameX="-2" frameY="0" frameWidth="703" frameHeight="658"/>
	<SubTexture name="GF left note0005" x="2" y="5307" width="699" height="658" frameX="-2" frameY="0" frameWidth="703" frameHeight="658"/>
	<SubTexture name="GF left note0006" x="705" y="5307" width="699" height="658" frameX="-2" frameY="0" frameWidth="703" frameHeight="658"/>
	<SubTexture name="GF left note0007" x="705" y="5307" width="699" height="658" frameX="-2" frameY="0" frameWidth="703" frameHeight="658"/>
	<SubTexture name="GF left note0008" x="1408" y="5307" width="699" height="658" frameX="-2" frameY="0" frameWidth="703" frameHeight="658"/>
	<SubTexture name="GF left note0009" x="1408" y="5307" width="699" height="658" frameX="-2" frameY="0" frameWidth="703" frameHeight="658"/>
	<SubTexture name="GF left note0010" x="1408" y="5307" width="699" height="658" frameX="-2" frameY="0" frameWidth="703" frameHeight="658"/>
	<SubTexture name="GF left note0011" x="1408" y="5307" width="699" height="658" frameX="-2" frameY="0" frameWidth="703" frameHeight="658"/>
	<SubTexture name="GF left note0012" x="1408" y="5307" width="699" height="658" frameX="-2" frameY="0" frameWidth="703" frameHeight="658"/>
	<SubTexture name="GF left note0013" x="1408" y="5307" width="699" height="658" frameX="-2" frameY="0" frameWidth="703" frameHeight="658"/>
	<SubTexture name="GF left note0014" x="1408" y="5307" width="699" height="658" frameX="-2" frameY="0" frameWidth="703" frameHeight="658"/>
	<SubTexture name="gf sad0000" x="2111" y="5307" width="699" height="654" frameX="0" frameY="-3" frameWidth="699" frameHeight="657"/>
	<SubTexture name="gf sad0001" x="2111" y="5307" width="699" height="654" frameX="0" frameY="-3" frameWidth="699" frameHeight="657"/>
	<SubTexture name="gf sad0002" x="2814" y="5307" width="699" height="657"/>
	<SubTexture name="gf sad0003" x="2814" y="5307" width="699" height="657"/>
	<SubTexture name="gf sad0004" x="3517" y="5307" width="699" height="657"/>
	<SubTexture name="gf sad0005" x="3517" y="5307" width="699" height="657"/>
	<SubTexture name="gf sad0006" x="2814" y="5307" width="699" height="657"/>
	<SubTexture name="gf sad0007" x="2814" y="5307" width="699" height="657"/>
	<SubTexture name="gf sad0008" x="3517" y="5307" width="699" height="657"/>
	<SubTexture name="gf sad0009" x="3517" y="5307" width="699" height="657"/>
	<SubTexture name="gf sad0010" x="2814" y="5307" width="699" height="657"/>
	<SubTexture name="gf sad0011" x="2814" y="5307" width="699" height="657"/>
	<SubTexture name="gf sad0012" x="3517" y="5307" width="699" height="657"/>
	<SubTexture name="gf sad0013" x="3517" y="5307" width="699" height="657"/>
	<SubTexture name="gf sad0014" x="2814" y="5307" width="699" height="657"/>
	<SubTexture name="gf sad0015" x="2814" y="5307" width="699" height="657"/>
	<SubTexture name="gf sad0016" x="3517" y="5307" width="699" height="657"/>
	<SubTexture name="gf sad0017" x="3517" y="5307" width="699" height="657"/>
	<SubTexture name="gf sad0018" x="2814" y="5307" width="699" height="657"/>
	<SubTexture name="gf sad0019" x="2814" y="5307" width="699" height="657"/>
	<SubTexture name="gf sad0020" x="3517" y="5307" width="699" height="657"/>
	<SubTexture name="gf sad0021" x="3517" y="5307" width="699" height="657"/>
	<SubTexture name="gf sad0022" x="2814" y="5307" width="699" height="657"/>
	<SubTexture name="gf sad0023" x="2814" y="5307" width="699" height="657"/>
	<SubTexture name="gf sad0024" x="3517" y="5307" width="699" height="657"/>
	<SubTexture name="gf sad0025" x="3517" y="5307" width="699" height="657"/>
	<SubTexture name="gf sad0026" x="2814" y="5307" width="699" height="657"/>
	<SubTexture name="gf sad0027" x="2814" y="5307" width="699" height="657"/>
	<SubTexture name="gf sad0028" x="3517" y="5307" width="699" height="657"/>
	<SubTexture name="gf sad0029" x="3517" y="5307" width="699" height="657"/>
	<SubTexture name="gf sad0030" x="2814" y="5307" width="699" height="657"/>
	<SubTexture name="gf sad0031" x="2814" y="5307" width="699" height="657"/>
	<SubTexture name="gf sad0032" x="3517" y="5307" width="699" height="657"/>
	<SubTexture name="gf sad0033" x="3517" y="5307" width="699" height="657"/>
	<SubTexture name="gf sad0034" x="2814" y="5307" width="699" height="657"/>
	<SubTexture name="gf sad0035" x="2814" y="5307" width="699" height="657"/>
	<SubTexture name="gf sad0036" x="3517" y="5307" width="699" height="657"/>
	<SubTexture name="gf sad0037" x="3517" y="5307" width="699" height="657"/>
	<SubTexture name="gf sad0038" x="2814" y="5307" width="699" height="657"/>
	<SubTexture name="gf sad0039" x="2814" y="5307" width="699" height="657"/>
	<SubTexture name="gf sad0040" x="3517" y="5307" width="699" height="657"/>
	<SubTexture name="gf sad0041" x="3517" y="5307" width="699" height="657"/>
	<SubTexture name="gf sad0042" x="2814" y="5307" width="699" height="657"/>
	<SubTexture name="gf sad0043" x="2814" y="5307" width="699" height="657"/>
	<SubTexture name="gf sad0044" x="3517" y="5307" width="699" height="657"/>
	<SubTexture name="gf sad0045" x="3517" y="5307" width="699" height="657"/>
	<SubTexture name="gf sad0046" x="2814" y="5307" width="699" height="657"/>
	<SubTexture name="gf sad0047" x="2814" y="5307" width="699" height="657"/>
	<SubTexture name="gf sad0048" x="3517" y="5307" width="699" height="657"/>
	<SubTexture name="gf sad0049" x="3517" y="5307" width="699" height="657"/>
	<SubTexture name="gf sad0050" x="2814" y="5307" width="699" height="657"/>
	<SubTexture name="gf sad0051" x="2814" y="5307" width="699" height="657"/>
	<SubTexture name="gf sad0052" x="3517" y="5307" width="699" height="657"/>
	<SubTexture name="gf sad0053" x="3517" y="5307" width="699" height="657"/>
	<SubTexture name="gf sad0054" x="2814" y="5307" width="699" height="657"/>
	<SubTexture name="gf sad0055" x="2814" y="5307" width="699" height="657"/>
	<SubTexture name="gf sad0056" x="3517" y="5307" width="699" height="657"/>
	<SubTexture name="gf sad0057" x="3517" y="5307" width="699" height="657"/>
	<SubTexture name="gf sad0058" x="2814" y="5307" width="699" height="657"/>
	<SubTexture name="gf sad0059" x="2814" y="5307" width="699" height="657"/>
	<SubTexture name="gf sad0060" x="3517" y="5307" width="699" height="657"/>
	<SubTexture name="gf sad0061" x="3517" y="5307" width="699" height="657"/>
	<SubTexture name="gf sad0062" x="2814" y="5307" width="699" height="657"/>
	<SubTexture name="gf sad0063" x="2814" y="5307" width="699" height="657"/>
	<SubTexture name="gf sad0064" x="3517" y="5307" width="699" height="657"/>
	<SubTexture name="gf sad0065" x="3517" y="5307" width="699" height="657"/>
	<SubTexture name="gf sad0066" x="2814" y="5307" width="699" height="657"/>
	<SubTexture name="gf sad0067" x="2814" y="5307" width="699" height="657"/>
	<SubTexture name="gf sad0068" x="3517" y="5307" width="699" height="657"/>
	<SubTexture name="gf sad0069" x="3517" y="5307" width="699" height="657"/>
	<SubTexture name="gf sad0070" x="2814" y="5307" width="699" height="657"/>
	<SubTexture name="gf sad0071" x="2814" y="5307" width="699" height="657"/>
	<SubTexture name="gf sad0072" x="3517" y="5307" width="699" height="657"/>
	<SubTexture name="gf sad0073" x="3517" y="5307" width="699" height="657"/>
	<SubTexture name="gf sad0074" x="2814" y="5307" width="699" height="657"/>
	<SubTexture name="gf sad0075" x="2814" y="5307" width="699" height="657"/>
	<SubTexture name="gf sad0076" x="3517" y="5307" width="699" height="657"/>
	<SubTexture name="gf sad0077" x="3517" y="5307" width="699" height="657"/>
	<SubTexture name="gf sad0078" x="2814" y="5307" width="699" height="657"/>
	<SubTexture name="gf sad0079" x="2814" y="5307" width="699" height="657"/>
</TextureAtlas>
