{"name":null,"assets":"aoy4:pathy34:assets%2Fshared%2Fimages%2Fbad.pngy4:sizei11779y4:typey5:IMAGEy2:idR1goR0y53:assets%2Fshared%2Fimages%2Fcharacters%2FbfOffsets.txtR2i199R3y4:TEXTR5R6goR0y57:assets%2Fshared%2Fimages%2Fcharacters%2FDADDY_DEAREST.pngR2i1252390R3R4R5R8goR0y57:assets%2Fshared%2Fimages%2Fcharacters%2FDADDY_DEAREST.xmlR2i17233R3R7R5R9goR0y54:assets%2Fshared%2Fimages%2Fcharacters%2FdadOffsets.txtR2i68R3R7R5R10goR0y48:assets%2Fshared%2Fimages%2Fcharacters%2FFoob.pngR2i5296301R3R4R5R11goR0y48:assets%2Fshared%2Fimages%2Fcharacters%2FFoob.xmlR2i50933R3R7R5R12goR0y48:assets%2Fshared%2Fimages%2Fcharacters%2Ffube.pngR2i2013681R3R4R5R13goR0y48:assets%2Fshared%2Fimages%2Fcharacters%2Ffube.xmlR2i9928R3R7R5R14goR0y55:assets%2Fshared%2Fimages%2Fcharacters%2FfubeOffsets.txtR2i70R3R7R5R15goR0y53:assets%2Fshared%2Fimages%2Fcharacters%2FgfOffsets.txtR2i159R3R7R5R16goR0y55:assets%2Fshared%2Fimages%2Fcharacters%2FSpeakerMion.pngR2i6602608R3R4R5R17goR0y55:assets%2Fshared%2Fimages%2Fcharacters%2FSpeakerMion.xmlR2i31702R3R7R5R18goR0y36:assets%2Fshared%2Fimages%2Fcombo.pngR2i6133R3R4R5R19goR0y33:assets%2Fshared%2Fimages%2Fgo.pngR2i59942R3R4R5R20goR0y35:assets%2Fshared%2Fimages%2Fgood.pngR2i18398R3R4R5R21goR0y40:assets%2Fshared%2Fimages%2FhealthBar.pngR2i307R3R4R5R22goR0y45:assets%2Fshared%2Fimages%2Fimages-go-here.txtR2zR3R7R5R23goR0y42:assets%2Fshared%2Fimages%2FNOTE_assets.pngR2i712573R3R4R5R24goR0y42:assets%2Fshared%2Fimages%2FNOTE_assets.xmlR2i8039R3R7R5R25goR0y47:assets%2Fshared%2Fimages%2FpauseAlt%2FbfLol.pngR2i36765R3R4R5R26goR0y47:assets%2Fshared%2Fimages%2FpauseAlt%2FbfLol.xmlR2i3106R3R7R5R27goR0y49:assets%2Fshared%2Fimages%2FpauseAlt%2FpauseBG.pngR2i96791R3R4R5R28goR0y49:assets%2Fshared%2Fimages%2FpauseAlt%2FpauseUI.pngR2i40939R3R4R5R29goR0y49:assets%2Fshared%2Fimages%2FpauseAlt%2FpauseUI.xmlR2i560R3R7R5R30goR0y36:assets%2Fshared%2Fimages%2Fready.pngR2i120353R3R4R5R31goR0y38:assets%2Fshared%2Fimages%2Frestart.pngR2i41117R3R4R5R32goR0y34:assets%2Fshared%2Fimages%2Fset.pngR2i83319R3R4R5R33goR0y35:assets%2Fshared%2Fimages%2Fshit.pngR2i16158R3R4R5R34goR0y35:assets%2Fshared%2Fimages%2Fsick.pngR2i32556R3R4R5R35goR0y36:assets%2Fshared%2Fimages%2Fspace.pngR2i22592782R3R4R5R36goR0y40:assets%2Fshared%2Fimages%2Fstageback.pngR2i36925R3R4R5R37goR0y44:assets%2Fshared%2Fimages%2Fstagecurtains.pngR2i154716R3R4R5R38goR0y41:assets%2Fshared%2Fimages%2Fstagefront.pngR2i143142R3R4R5R39goR0y42:assets%2Fshared%2Fimages%2Fstage_light.pngR2i12177R3R4R5R40goR0y39:assets%2Fshared%2Fmusic%2Fbreakfast.oggR2i2007101R3y5:MUSICR5R41goR0y38:assets%2Fshared%2Fmusic%2FgameOver.oggR2i364616R3y5:SOUNDR5R43goR0y41:assets%2Fshared%2Fmusic%2FgameOverEnd.oggR2i124178R3R44R5R45goR0y36:assets%2Fshared%2Fsounds%2FANGRY.oggR2i5204R3R44R5R46goR0y45:assets%2Fshared%2Fsounds%2FANGRY_TEXT_BOX.oggR2i39236R3R44R5R47goR0y40:assets%2Fshared%2Fsounds%2Fbadnoise1.oggR2i19356R3R44R5R48goR0y40:assets%2Fshared%2Fsounds%2Fbadnoise2.oggR2i18672R3R44R5R49goR0y40:assets%2Fshared%2Fsounds%2Fbadnoise3.oggR2i20065R3R44R5R50goR0y39:assets%2Fshared%2Fsounds%2FcarPass0.oggR2i47736R3R44R5R51goR0y39:assets%2Fshared%2Fsounds%2FcarPass1.oggR2i50294R3R44R5R52goR0y35:assets%2Fshared%2Fsounds%2FCLAP.oggR2i7072R3R44R5R53goR0y40:assets%2Fshared%2Fsounds%2FclickText.oggR2i9731R3R44R5R54goR0y49:assets%2Fshared%2Fsounds%2Ffnf_loss_sfx-pixel.oggR2i64518R3R44R5R55goR0y43:assets%2Fshared%2Fsounds%2Ffnf_loss_sfx.oggR2i74157R3R44R5R56goR0y35:assets%2Fshared%2Fsounds%2FGF_1.oggR2i9094R3R44R5R57goR0y35:assets%2Fshared%2Fsounds%2FGF_2.oggR2i9125R3R44R5R58goR0y35:assets%2Fshared%2Fsounds%2FGF_3.oggR2i9862R3R44R5R59goR0y35:assets%2Fshared%2Fsounds%2FGF_4.oggR2i9671R3R44R5R60goR0y43:assets%2Fshared%2Fsounds%2Fintro1-pixel.oggR2i11731R3R44R5R61goR0y37:assets%2Fshared%2Fsounds%2Fintro1.oggR2i13579R3R44R5R62goR0y43:assets%2Fshared%2Fsounds%2Fintro2-pixel.oggR2i13206R3R44R5R63goR0y37:assets%2Fshared%2Fsounds%2Fintro2.oggR2i13912R3R44R5R64goR0y43:assets%2Fshared%2Fsounds%2Fintro3-pixel.oggR2i12277R3R44R5R65goR0y37:assets%2Fshared%2Fsounds%2Fintro3.oggR2i13524R3R44R5R66goR0y44:assets%2Fshared%2Fsounds%2FintroGo-pixel.oggR2i21141R3R44R5R67goR0y38:assets%2Fshared%2Fsounds%2FintroGo.oggR2i14071R3R44R5R68goR0y46:assets%2Fshared%2Fsounds%2FLights_Shut_off.oggR2i55298R3R44R5R69goR0y45:assets%2Fshared%2Fsounds%2FLights_Turn_On.oggR2i82248R3R44R5R70goR0y40:assets%2Fshared%2Fsounds%2Fmissnote1.oggR2i10400R3R44R5R71goR0y40:assets%2Fshared%2Fsounds%2Fmissnote2.oggR2i11644R3R44R5R72goR0y40:assets%2Fshared%2Fsounds%2Fmissnote3.oggR2i12857R3R44R5R73goR0y40:assets%2Fshared%2Fsounds%2FpixelText.oggR2i4567R3R44R5R74goR0y42:assets%2Fshared%2Fsounds%2FSenpai_Dies.oggR2i136579R3R44R5R75goR0y35:assets%2Fshared%2Fsounds%2FSNAP.oggR2i7210R3R44R5R76goR0y45:assets%2Fshared%2Fsounds%2Fsounds-go-here.txtR2zR3R7R5R77goR0y40:assets%2Fshared%2Fsounds%2FsoundTest.oggR2i170333R3R44R5R78goR0y40:assets%2Fshared%2Fsounds%2Fthunder_1.oggR2i66346R3R44R5R79goR0y40:assets%2Fshared%2Fsounds%2Fthunder_2.oggR2i126347R3R44R5R80goR0y43:assets%2Fshared%2Fsounds%2Ftrain_passes.oggR2i258325R3R44R5R81gh","rootPath":"../","version":2,"libraryArgs":[],"libraryType":null}