﻿<?xml version="1.0" encoding="utf-8"?>
<TextureAtlas imagePath="FNF_main_menu_assets.png">
	<!-- Created with Adobe Animate version 21.0.6.41649 -->
	<!-- http://www.adobe.com/products/animate.html -->
	<SubTexture name="credits basic0000" x="1" y="1" width="474" height="126"/>
	<SubTexture name="credits basic0001" x="1" y="1" width="474" height="126"/>
	<SubTexture name="credits basic0002" x="1" y="1" width="474" height="126"/>
	<SubTexture name="credits basic0003" x="476" y="1" width="474" height="126"/>
	<SubTexture name="credits basic0004" x="476" y="1" width="474" height="126"/>
	<SubTexture name="credits basic0005" x="476" y="1" width="474" height="126"/>
	<SubTexture name="credits basic0006" x="951" y="1" width="474" height="126"/>
	<SubTexture name="credits basic0007" x="951" y="1" width="474" height="126"/>
	<SubTexture name="credits basic0008" x="951" y="1" width="474" height="126"/>
	<SubTexture name="credits white0000" x="1" y="128" width="650" height="172" frameX="0" frameY="0" frameWidth="652" frameHeight="172"/>
	<SubTexture name="credits white0001" x="652" y="128" width="643" height="171" frameX="0" frameY="0" frameWidth="652" frameHeight="172"/>
	<SubTexture name="credits white0002" x="1296" y="128" width="651" height="171" frameX="-1" frameY="0" frameWidth="652" frameHeight="172"/>
	<SubTexture name="difficulty basic0000" x="1" y="301" width="627" height="196"/>
	<SubTexture name="difficulty basic0001" x="1" y="301" width="627" height="196"/>
	<SubTexture name="difficulty basic0002" x="1" y="301" width="627" height="196"/>
	<SubTexture name="difficulty basic0003" x="629" y="301" width="627" height="196"/>
	<SubTexture name="difficulty basic0004" x="629" y="301" width="627" height="196"/>
	<SubTexture name="difficulty basic0005" x="629" y="301" width="627" height="196"/>
	<SubTexture name="difficulty basic0006" x="1257" y="301" width="627" height="196"/>
	<SubTexture name="difficulty basic0007" x="1257" y="301" width="627" height="196"/>
	<SubTexture name="difficulty basic0008" x="1257" y="301" width="627" height="196"/>
	<SubTexture name="fube basic0000" x="1" y="498" width="339" height="121"/>
	<SubTexture name="fube basic0001" x="1" y="498" width="339" height="121"/>
	<SubTexture name="fube basic0002" x="1" y="498" width="339" height="121"/>
	<SubTexture name="fube basic0003" x="341" y="498" width="339" height="121"/>
	<SubTexture name="fube basic0004" x="341" y="498" width="339" height="121"/>
	<SubTexture name="fube basic0005" x="341" y="498" width="339" height="121"/>
	<SubTexture name="fube basic0006" x="681" y="498" width="339" height="121"/>
	<SubTexture name="fube basic0007" x="681" y="498" width="339" height="121"/>
	<SubTexture name="fube basic0008" x="681" y="498" width="339" height="121"/>
	<SubTexture name="fube white0000" x="1021" y="498" width="449" height="164" frameX="-3" frameY="-2" frameWidth="455" frameHeight="168"/>
	<SubTexture name="fube white0001" x="1471" y="498" width="453" height="166" frameX="0" frameY="0" frameWidth="455" frameHeight="168"/>
	<SubTexture name="fube white0002" x="1" y="665" width="455" height="168"/>
	<SubTexture name="options basic0000" x="457" y="665" width="487" height="111"/>
	<SubTexture name="options basic0001" x="457" y="665" width="487" height="111"/>
	<SubTexture name="options basic0002" x="457" y="665" width="487" height="111"/>
	<SubTexture name="options basic0003" x="945" y="665" width="487" height="111"/>
	<SubTexture name="options basic0004" x="945" y="665" width="487" height="111"/>
	<SubTexture name="options basic0005" x="945" y="665" width="487" height="111"/>
	<SubTexture name="options basic0006" x="1433" y="665" width="487" height="111"/>
	<SubTexture name="options basic0007" x="1433" y="665" width="487" height="111"/>
	<SubTexture name="options basic0008" x="1433" y="665" width="487" height="111"/>
	<SubTexture name="options white0000" x="1" y="834" width="606" height="155" frameX="-2" frameY="-1" frameWidth="610" frameHeight="163"/>
	<SubTexture name="options white0001" x="608" y="834" width="607" height="158" frameX="-3" frameY="-1" frameWidth="610" frameHeight="163"/>
	<SubTexture name="options white0002" x="1216" y="834" width="610" height="163"/>
</TextureAtlas>
