﻿<?xml version="1.0" encoding="utf-8"?>
<TextureAtlas imagePath="gfDanceTitle.png">
	<!-- Created with Adobe Animate version 21.0.6.41649 -->
	<!-- http://www.adobe.com/products/animate.html -->
	<SubTexture name="gfDance0000" x="1" y="1" width="1032" height="987"/>
	<SubTexture name="gfDance0001" x="1" y="1" width="1032" height="987"/>
	<SubTexture name="gfDance0002" x="1" y="1" width="1032" height="987"/>
	<SubTexture name="gfDance0003" x="1" y="1" width="1032" height="987"/>
	<SubTexture name="gfDance0004" x="1" y="1" width="1032" height="987"/>
	<SubTexture name="gfDance0005" x="1034" y="1" width="1030" height="986" frameX="-2" frameY="-1" frameWidth="1032" frameHeight="987"/>
	<SubTexture name="gfDance0006" x="1034" y="1" width="1030" height="986" frameX="-2" frameY="-1" frameWidth="1032" frameHeight="987"/>
	<SubTexture name="gfDance0007" x="1034" y="1" width="1030" height="986" frameX="-2" frameY="-1" frameWidth="1032" frameHeight="987"/>
	<SubTexture name="gfDance0008" x="1034" y="1" width="1030" height="986" frameX="-2" frameY="-1" frameWidth="1032" frameHeight="987"/>
	<SubTexture name="gfDance0009" x="1034" y="1" width="1030" height="986" frameX="-2" frameY="-1" frameWidth="1032" frameHeight="987"/>
	<SubTexture name="gfDance0010" x="2065" y="1" width="1030" height="986" frameX="-2" frameY="-1" frameWidth="1032" frameHeight="987"/>
	<SubTexture name="gfDance0011" x="2065" y="1" width="1030" height="986" frameX="-2" frameY="-1" frameWidth="1032" frameHeight="987"/>
	<SubTexture name="gfDance0012" x="2065" y="1" width="1030" height="986" frameX="-2" frameY="-1" frameWidth="1032" frameHeight="987"/>
	<SubTexture name="gfDance0013" x="2065" y="1" width="1030" height="986" frameX="-2" frameY="-1" frameWidth="1032" frameHeight="987"/>
	<SubTexture name="gfDance0014" x="2065" y="1" width="1030" height="986" frameX="-2" frameY="-1" frameWidth="1032" frameHeight="987"/>
	<SubTexture name="gfDance0015" x="1" y="1" width="1032" height="987"/>
	<SubTexture name="gfDance0016" x="1" y="1" width="1032" height="987"/>
	<SubTexture name="gfDance0017" x="1" y="1" width="1032" height="987"/>
	<SubTexture name="gfDance0018" x="1" y="1" width="1032" height="987"/>
	<SubTexture name="gfDance0019" x="1" y="1" width="1032" height="987"/>
	<SubTexture name="gfDance0020" x="1034" y="1" width="1030" height="986" frameX="-2" frameY="-1" frameWidth="1032" frameHeight="987"/>
	<SubTexture name="gfDance0021" x="1034" y="1" width="1030" height="986" frameX="-2" frameY="-1" frameWidth="1032" frameHeight="987"/>
	<SubTexture name="gfDance0022" x="1034" y="1" width="1030" height="986" frameX="-2" frameY="-1" frameWidth="1032" frameHeight="987"/>
	<SubTexture name="gfDance0023" x="1034" y="1" width="1030" height="986" frameX="-2" frameY="-1" frameWidth="1032" frameHeight="987"/>
	<SubTexture name="gfDance0024" x="1034" y="1" width="1030" height="986" frameX="-2" frameY="-1" frameWidth="1032" frameHeight="987"/>
	<SubTexture name="gfDance0025" x="2065" y="1" width="1030" height="986" frameX="-2" frameY="-1" frameWidth="1032" frameHeight="987"/>
	<SubTexture name="gfDance0026" x="2065" y="1" width="1030" height="986" frameX="-2" frameY="-1" frameWidth="1032" frameHeight="987"/>
	<SubTexture name="gfDance0027" x="2065" y="1" width="1030" height="986" frameX="-2" frameY="-1" frameWidth="1032" frameHeight="987"/>
	<SubTexture name="gfDance0028" x="2065" y="1" width="1030" height="986" frameX="-2" frameY="-1" frameWidth="1032" frameHeight="987"/>
	<SubTexture name="gfDance0029" x="2065" y="1" width="1030" height="986" frameX="-2" frameY="-1" frameWidth="1032" frameHeight="987"/>
</TextureAtlas>
